first_name,last_name,number,email,username,password
admin,admin,0-000-000-0000 admin,admin@admin.admin,admin,$2a$10$I2tBVzKQnwHyxMfvr6VMT.O5Pgs3MT.Tg3bckSRq7s2M0r5lTKHCO
Naida,Jones,1-814-351-9782,pede@hotmail.net,THD88PIJ5BJ,$2a$10$rq6LutLzXYhEp3oykJwrKOm0qW1ZNqckiTjAYoaLi2K9CRM.PMAeu
Kirby,Sosa,1-612-780-8530,est.mollis@icloud.com,EUX16ODC4WF,$2a$10$cxyYiWgfDGNstjSQegmCPuaURFGE1m.lKp.CgRSlXuDsUHXow13JW
Melissa,Miles,1-504-755-5240,cursus@aol.ca,KIG03KMB6DW,$2a$10$FIBYqWGw5C6QJnYzG6zu2umOAGnHMQOUeMEgjV.6N.QbF4kVfJjDS
Nita,Grimes,1-698-122-4462,fusce@protonmail.edu,MQB68FQS8HE,$2a$10$4AX5nMEE/oCGp8oYYKC9jOt8oIw6KyydBlBhofGG0ksUDVlMCC9Ga
Marvin,Emerson,1-638-521-9679,elit@icloud.net,ZXG52XKI3PN,$2a$10$P6ywsRc9qS7nr/f/osLQ/uPLzUtaJMq2joleoIxje0IKsMtpRrHEm
Knox,Kramer,1-372-685-6579,natoque.penatibus@hotmail.org,SJN38EYM4QJ,$2a$10$ZD0U9hyE3TYCSLrr70vqeO9ZQqqmWw81xHYsuaRX/IorMGEzNJo1G
Gray,Raymond,(172) 567-5236,auctor.nunc@icloud.couk,DDY67NDJ0KW,$2a$10$fmG6XpHxh2wlvNnhkDSuCur9.u9dAc/xwZHQ1lr3AYl1OXjC4DHYu
Xenos,Figueroa,(285) 226-1391,ultrices.vivamus@outlook.net,GHW51FDE7NB,$2a$10$IHp/KCPBb/DrjvtBSxCxuOlltB9BjEKyzZ3D0XK8sYuOS7rmPo1oK
Zachery,Carpenter,(398) 285-1912,parturient.montes.nascetur@aol.edu,DBH66KQC2RX,$2a$10$cF9kYHAwoXO2SdURqcW8D.mm0jfe8Oqfp1UHlJu5I4E7oKIHtfDe6
Peter,Roberts,(570) 818-4822,augue.ac@google.com,NEV07TVT1WN,$2a$10$ra9FHuuFJfGnLvDIBEQDUutZfQ/SPHc1NQyAWbfHogUp4zvAAZC/.
Reese,Harris,1-792-864-4779,ullamcorper@protonmail.couk,IWN57CHG7BQ,$2a$10$yN5DKGYkJJwjeSTxBJuxYu/7gpjpt/iDsMBykjQnadvjhltpNf9Ry
Daquan,Dodson,1-534-934-7682,luctus.et@yahoo.edu,EXC05AAW5MT,$2a$10$V.nXUDYz2XbGuTgCzby6Lux7d5n9qQnuruWR3/kjpxjKep/5u46te
Kaseem,Salas,(226) 917-1453,placerat.cras@protonmail.org,KAL25RIX6PD,$2a$10$.Z4s4INRI.wDehvtc.g/T.2Bdu3IjAmUNYGHTx2NxpFl3S565MFHC
Geoffrey,Lynn,1-953-837-5666,nisl.nulla@icloud.couk,JJP17BFO5RH,$2a$10$OcnBw8jjmA5K75HMkViSauo6ZzEuiQL5X2gP5/wUAQZ9A7o0Qcute
Quinn,Mccall,1-404-766-4657,porttitor.vulputate@aol.ca,IFM76SGE2IN,$2a$10$ZBzLjlIsrG8dTtJqkREpM.cPO81OlU9obJJFLElsOkTKLGRgrtu2C
Azalia,Frost,(667) 908-0761,magna.lorem@icloud.edu,YLN16BPA2LY,$2a$10$rigPIvmgeliv534JoT4JwOABCHlkGbdNjPIy2.HJLqWowtECpYsUy
Elvis,Ramsey,1-570-353-4512,curabitur@aol.org,UBH01OVG9PL,$2a$10$QXHzEbK0LoBJ4s3IHnHYB.wkNlGSri8Ogi2EAFRrEN7i.4lyCdL9i
Bruno,Woods,(196) 921-7690,at.risus.nunc@aol.com,UPG21HZE4LI,$2a$10$ctYBkBbJdew4I0y41u3NQ.yn.JmNVwKd9nmNAo9jLfhrwQkhVJnym
Martha,Hardy,1-153-639-8777,arcu.vestibulum.ante@google.edu,YPE46JHE3KU,$2a$10$SmhoQEk6etNZxZJCWdkY5OCmETzgYix.EMp8wLLG0rGad6CSYTRwm
Oren,Johns,(266) 328-4076,in.consectetuer.ipsum@yahoo.com,OGX51CXK7OL,$2a$10$M4UEA3YoWa/UcxUKzbxHXOYCfU1t47hvfYY4ERhABU0Io/EbGJ20W
Jeremy,Velasquez,(713) 163-2759,etiam.laoreet@hotmail.net,CSO56DQV4UC,$2a$10$8Po9tKbdLpw8exZLCOUFVOEnIGmmiu8XSgfBCqzfv/AATX3N2g/8u
Fiona,Daniels,(778) 485-6787,a.aliquet.vel@google.edu,XGM11TTN0VX,$2a$10$7nCaCgGeo2heWXvqKkGT5.GHVzWxPIO9/OU7vCMV2CDGgd/twEeB2
Cathleen,Boone,1-578-645-4812,arcu.morbi.sit@hotmail.org,DGO65KDB3NK,$2a$10$ArBXiL/aCyrDpLLv1FxbP.j1R4vq0lVQOaMoRqNKNn2lRPfnK161K
Bevis,Farrell,1-425-305-6463,ad@outlook.org,TVU71SJB1TS,$2a$10$y1azUBFnHJxuqDzzTVjMnuJ.ydm.VZrL2kDpBZGcbu9qRxkaVwynW
Devin,Ratliff,1-279-401-7357,tellus.eu@yahoo.org,UNF06OLY5AR,$2a$10$lD4Ra9PLnWuQuCgg66h/A.a8JYuHF/jEI54xUsb1rlgJ./gB5cjRa
Philip,Kelley,(378) 658-0280,eu.dui@icloud.net,RUC80EET7ME,$2a$10$nFdICqt0knLQ53YNjCqoXuhjjj0.hc8Pmcp0bEN95p24HbPyVuUIi
Cassady,Tanner,1-392-893-6607,quis@hotmail.ca,CED88BQK1YR,$2a$10$b3H7tpRXXs4nuQhfBzTW5.ghPcC6XWtvrMSowxeArlx1dofrsZoOa
Trevor,Barnes,(956) 481-5068,non.leo.vivamus@icloud.com,QUJ37AQH0MX,$2a$10$vY7vOUvowLH6JaA1JvU7F.xFYB1Lmk8VLJaWJyAeT.rwtdikbWui2
Eve,Wilcox,(362) 634-4465,ut@google.org,RQO74ZFZ5WP,$2a$10$qUkvcZoaFH7KX3DC0DTSUu5bx8DVlgw8CEthGeQTgX0aNVvgV6.Qu
Andrew,Phelps,1-681-747-5532,magna.sed.dui@outlook.ca,QCZ52MHV2CK,$2a$10$bjzQ0.k9qMgNw.txcFd9zuUjD5eaR9kQAQwB21C8oaTnI.hp0i.OS
Ariana,Fernandez,1-937-864-2003,posuere.enim@protonmail.com,JIR54FGD1YB,$2a$10$5fCtfS2gPs22sNx2U3f6U.wWvG6cEgwJb4OpmxO058jFRxVqiolv.
Myles,Berger,1-211-471-5472,duis@aol.org,DSW05POR1VS,$2a$10$rzSutatZZVWTOLIrB6noFuM4Tcpw3.6ALjKe00PG16sjjzhmskBCa
Amy,Mckinney,1-951-243-1536,aliquam.rutrum@google.couk,QCC70OVE3XF,$2a$10$/HIdJ5BEMOKqki5s7zF2mekEIndx6whuLOQ9JfmUazAKB.SOgdeTq
Madeson,Mcguire,(286) 744-6891,arcu.sed@yahoo.ca,OEO82OBK5WQ,$2a$10$vNf84QNO.S5yzC7OyAPyJONhxRmr7wrkZKP6yPBsjU/ic.lXuNo/i
Adrian,Mcmillan,1-890-853-0381,nonummy@hotmail.net,TWR83ECG1PJ,$2a$10$/5icjpbAkHzK4fRQoAn.keF8uHfhU031U0k09Re5gizylz6fAMmxy
Barrett,Terry,1-445-781-8648,non@outlook.net,KHR37EZE3TV,$2a$10$ai1ugBNG8PzQG5i7C5A9r.LyPQhmnHJK8IQ7BwSg1RldiI46IoQ86
Hyatt,Mcintosh,1-456-228-8063,nec.urna@google.net,ICR72EXR6DD,$2a$10$jPRnZ.WDQx0p7XNoqBZOauIeTqUDPSu0k7X2Y2gnQK7PnoM7IGtta
Bethany,Phillips,1-568-788-9828,semper.egestas@outlook.couk,BLJ87STM6SI,$2a$10$MyolWYE3nAlEotiRKaqlh.L0EbtlUcRKS3iefmnqMVxi325ewa/5G
Aphrodite,Nguyen,(289) 316-1127,tincidunt.vehicula.risus@google.edu,GSH22NEH6VL,$2a$10$b2799FYNEmAAWK/UiTjY..hqx30tgZNd3kZ66JZ971DrtECGnwO9W
Calvin,Mcneil,1-419-261-4786,enim.nisl@outlook.ca,PWS15FHF3RJ,$2a$10$W7jlNWFHKENEvcu/QEGP3.Jlp1pZNm3pqiZhTZss6w.tpjl9dYZ8S
Cathleen,Mcgee,1-563-787-8168,nullam.suscipit.est@protonmail.couk,XMY78WIE6RW,$2a$10$UEQmIQyjpXgCX6D2bqlZZO6ISuN4Wu2.huaYKLtDSL3H.doEiYpV6
Timothy,Parks,(595) 397-3518,sapien.molestie@aol.ca,GGD38ZJL8RA,$2a$10$xiLkFQZJCgtz6bYgYa1K..oLPGWZyugu2V6oNaE2WABVD1YBviS.e
Mason,Holman,(275) 614-3684,sollicitudin@outlook.net,AHT66RHQ8EU,$2a$10$J1eec6ZPITggBU3M4B3d9OooqLu0qOJDu.GYluf0paEVysphS780a
Berk,Madden,1-213-677-9424,imperdiet.ullamcorper@protonmail.couk,MTB57GMQ8IP,$2a$10$9Pk2HbW2WOMV9G92w13VNuZ23W/Aer11u.dDe1ZGkNsncI9pnXPxS
Rose,Stone,1-548-278-0170,dui.in@outlook.ca,RSR53QHF5FD,$2a$10$hvy4lNpmNLr1.xNti.I6vOuYhPMyzUUGMlQ1aoJqMd.P44c3Zbpzy
Zenia,Williams,(764) 778-6328,in.consequat.enim@hotmail.couk,HBM81VTI8WU,$2a$10$wN8lI0beo2PV8..Jb4fMzOIThGUW/n5ZFfjLzH94Ynv5UQ0g/FP1a
Drew,Hansen,(651) 326-3907,elit.curabitur@icloud.com,BWJ86GHK1HK,$2a$10$T5XgkCDMmKBWsYlKbLtXyuS2ApJdcSp.pHdUn5sWuOfHFMKX.9oIO
Zenia,Bailey,(262) 726-1611,commodo.hendrerit@protonmail.org,ILZ46XZC5FY,$2a$10$H8xJTl857ee41WvALijroeLWoHWdsvP9JQOj6.DRDqbT2iiPMwaMK
Galena,Nguyen,1-332-513-0383,egestas@hotmail.com,VMW28WDH0JB,$2a$10$.wGv757PS9QjfIolek25NOeQVrSTDMxKsO6ebG7i1lZ.iSO.h5i/y
Isaiah,Burke,(482) 961-1182,lacus@google.net,BSF74XOD6QY,$2a$10$ofg18lqzWYmRNhZ5mhPrIuLNhMQwWDBllS96VThcFMoHp5x47X7Dm
Coby,Berry,(266) 525-0876,neque@outlook.edu,QPX43MBO1WR,$2a$10$/O66dz7KEVPu48m96Zq7.ud/03jdD7.nwwjfzrMDVCRrODxHDgUcy
Kitra,Munoz,1-306-367-4637,in.tincidunt.congue@yahoo.net,TMX68QGZ5KU,$2a$10$3Q7Vfyjo.Jd6EmmVbl49veUHmlTDvK8U7HCY2qKzYBd20sxjO6yWC
Yeo,Glover,(462) 390-6200,sed.malesuada.augue@google.couk,OHF22MPZ6EZ,$2a$10$.3eK90Xx/nltgb8Fl6QsX.qziUdj2o1Il5mPODif13vtQWyX25UCu
Jeremy,Shaffer,(727) 828-4740,integer.aliquam@icloud.couk,WOX52IMR3KG,$2a$10$ObCPGdvT2C0sUNmVZgqJfuxYdx5uRrfKtIECMUEIqFPpIkME90jVC
Steel,Levine,1-860-305-8344,non.cursus@icloud.couk,WVO82XDT2IX,$2a$10$9272BIQUGIRnqBBrUQwhxO5m6K112l6Yftl7qSHezTWZA4zeeCo3.
Wang,Conrad,(214) 597-3721,penatibus.et.magnis@icloud.com,XEL27USM5WG,$2a$10$NLOvVP9l9iXVG4DhQX59ResWP/oQolCVj9oiArmUDqL8GZK03YJHu
Ifeoma,Tucker,1-499-864-7282,fringilla@outlook.couk,JOS27LRD6YE,$2a$10$EfaWFTFU5hqncn8IyxlPoOX85RfZwF72oODiPpwn2RoAcLaSW0ewe
Myles,Summers,(304) 789-2193,ac@protonmail.com,DKX67FBL5XG,$2a$10$y81qsHPgyU4iSBu1iW0s7eXSNhhBtFLBhsfRPZlU/iS.Lpe1Le/HS
Mason,Velazquez,1-747-263-4729,nonummy.ac@hotmail.couk,UIW44CTP2SV,$2a$10$JJLnSFiVve6.rSD3Ste/O.e4Xo62FuO6bLBLevn7dczXa1sZZ3yO6
Barclay,Conway,1-819-318-8164,eu.placerat.eget@hotmail.ca,JBC78VDS3NS,$2a$10$EUmjay2.mUh4ox8aF8jo3eq0gXi0SQAwYtNn7DitaH1htOkHRzYQK
Cheryl,Mclaughlin,(393) 296-2960,cras@outlook.com,RHJ30FPX8CA,$2a$10$nG2b9KP.XI5Eru8xNqItiui9rACjb/fBsPYmQKk59oZ/fZrYZZq5q
Camille,Savage,1-652-446-9530,rhoncus@hotmail.com,YZU53MXE4CZ,$2a$10$q.usfA.IrQosmLzyb9eHT.p.EZfteAZdohA0QC7z3UmhviVhHIhLS
Zachery,Santiago,1-823-645-7626,velit.in@protonmail.edu,HEH13IGQ8CA,$2a$10$PaT4008gcckZPuG.LFSU9u6FlRubZakKi5om9xld5F6easlxN.dRW
Kathleen,Olsen,(948) 356-5983,laoreet.posuere@icloud.com,JVI45JPC1IL,$2a$10$ilvkbcwtvqxvyIV7sLDcXOkgmP8qQd/oz0VAKIMKDwf1R5ZofZZFC
Price,Green,1-584-333-4795,enim.sit@google.couk,GBL89YED2HY,$2a$10$XyrLQe8jCCix2AzxwE2H3e3JPJXdA1iO7EhuuExguhou23IwfVwC.
Lucian,Malone,1-924-836-1464,sit.amet@outlook.edu,KDB97FHQ3IM,$2a$10$.zVJGGvqu/Css1n6a9dCk.zvcic.nk5XMzg2JKZ.2i4ntjCgJBQnm
Vera,Parsons,1-633-560-2854,luctus@protonmail.net,IOJ59VDD1UE,$2a$10$wH/HJgWDEUHgYWqsR9XSnuq.KlY2sXAurWPX/Mamx3hDnW8eaNVu6
Hamilton,Kirkland,(691) 459-5680,pharetra@outlook.edu,DFN85QGX0XG,$2a$10$W6KMsUcUL6QGML2Xf5BCHOSh/q407.m75TZg2u8ZYG660KGPnrHXO
Wayne,Snow,(358) 114-1446,sagittis.felis.donec@yahoo.net,EOW34VNN9BS,$2a$10$QfSjfHgAy.d9whBXK8mhPuLkOc3hFRuZbpVGpnZEvfSu2052Xy2pa
Buffy,Stokes,(639) 281-8437,quisque.imperdiet@google.com,KDK51NMM8ZA,$2a$10$vxKxUrlad10oAZkcgR2kjeyVwkEjTXSmdOaE9JXC/pIiXUsFtVpSe
Indira,Harris,(352) 864-4954,eu@hotmail.ca,FKP74MEC7SV,$2a$10$KqOLcr6zGWRJ/O4AC2GfWu08GmvztXJL0JmEMUPZhTswE1ukldRDK
Kai,Gates,(990) 207-5192,malesuada@hotmail.edu,DWI18JTJ5XV,$2a$10$FvvU3TIOHB2GS/JLDE3goOCIVZVs.9HQfiisxJ0yGf8Z86gxl9zgq
Miriam,Olson,1-392-892-6645,taciti@aol.couk,GHW61CFI7FY,$2a$10$bOeEsnAY3n4fm/QIKFey9.0Q9UW1SfazgHyKwJiqVzgemnZqoZYva
Larissa,Ray,1-813-237-7067,mauris.molestie@outlook.ca,SWJ00MSW8JJ,$2a$10$3d0lE9/1ggy1lHTh.wVnfOv4T.zgSuG6nEr6.bMOQ3oEYrBj3z/se
Sandra,Maynard,(448) 996-6297,eu.placerat@hotmail.couk,DXX47IUE7PF,$2a$10$ZB795XHK4.RNcUb7uQy.L.ZBg3Z1L1i2DHLfnvWZ9Kv0cfYZJf1um
Cassady,Lane,(737) 365-7988,non.sollicitudin@protonmail.couk,VOY52RAX5IL,$2a$10$hK5oJi7boTb8amHAna9DOuipu7mYN6UTykWvSUsvNrWLF0Jn/FRUO
Kim,Fisher,(451) 501-2418,libero.et@outlook.org,RBY78CQG5OO,$2a$10$cDT5ztYoRFhnzMWwbenLmOkdhYNBrJymltH7bSAWN18HDE/6VyCTC
Meredith,Morrison,(212) 889-5134,duis.volutpat@yahoo.org,GPD81KWH5OP,$2a$10$jjBvETLKZm/6/DRG51fiiOyk5KZWDQwxif4lHQ01S7CMehRwavul.
Risa,Orr,(328) 374-0833,ut.aliquam@hotmail.com,RRG12XLW2JW,$2a$10$myeCL1NUXpatlvjyVOQKZ.KJPDir5veOErlZmrUgsM8gaNHW.tJXy
Lynn,Willis,(539) 731-8148,at@google.com,XPB39HTE3GQ,$2a$10$r6Kv2FEe3bxlboSec9VNIeUDFq90aGRtvnLzoHPmIjhk7tpJLon9u
Charde,Frost,1-407-504-9876,viverra.maecenas.iaculis@google.org,EZH40WRS2DZ,$2a$10$Zw9CrjUU1Jb5bzQFn5tRcuoHK7s/5BIBVEbSkNKrL49ByO6w/67uS
Rinah,Baird,1-458-162-1943,leo@protonmail.net,VAT91YHP2CN,$2a$10$i64d3CI73pF9rdlv1M2c4uoHmwROgFz77m5mPmT2h8MT9s9WTh92W
Gail,Nunez,(871) 591-4738,arcu@yahoo.edu,UNY59EFC7KW,$2a$10$2wVqVav3mtunBE5RUMMV0O934Gnrn8Z6hjUPCFIULZ/3ff6PSMRFG
Justine,Willis,(523) 342-5592,sem.consequat@protonmail.couk,PYF84YRS0LO,$2a$10$lXOO9cL0AdC27MEO35MKsOtqgcCEwNAbjQrT29/eR8hjJjWjKQcTC
Yetta,Glass,1-144-818-2581,duis.sit@outlook.net,RPI14XBQ4NG,$2a$10$nEOoAcLMMIqcU2Fb2hOanOU6R7Pvpl7T213a/xIgfyPn9YCwb62fO
Griffith,Kerr,(862) 444-2168,mi.eleifend@protonmail.net,NUM53JSI9YH,$2a$10$qfF6QgttmaO0TvvDa6ZnmOFio8Il0G2JWX5JNuzHwyg.5AZkmaiSi
Aaron,Emerson,1-637-827-1777,fusce@yahoo.org,EUP79TSE2BU,$2a$10$N/BstRDVvN5WMOpQixTVxetuLpCRpeJm2WuozcMmwd2YtWn9wWW5a
Buckminster,Griffin,(987) 915-8645,lectus.nullam@hotmail.ca,JJI36MEV7RJ,$2a$10$lUT/Ujbf.XQL2QH4qW9k4u2xuVMpTF9xdgJxzj/WNMSrXXh1ra..e
Alfonso,Zimmerman,(968) 553-2714,risus.varius@aol.org,NVA94GNB4VH,$2a$10$sf/fUS3cqhkwjZu222vgLOhEF9kexTEjQwoe3QFsZh1.LVdUShR46
Petra,Baxter,(889) 879-8728,montes.nascetur@aol.org,VNK26GAB1HY,$2a$10$Y6u5CKDjjL4QV.q/BFnoye3szY4jePfmZ14yaWIFhOGF1Wjn3LHuG
Dana,Sweet,1-867-879-3644,mus.proin.vel@protonmail.ca,XJY63TGG4EO,$2a$10$dera6c28O3iZ3g0ulxsJoOjDGkK1BAho5whfkgLjocY9TCt6CPGMS
Lani,Anthony,(584) 558-7068,at.augue.id@outlook.net,VBZ25LOG2RY,$2a$10$RSEBKUl2KQl5jwpVBoOvleQ9oWh/wPUh8THT4.q5QZE9xaHZxy/xG
Mason,Terrell,1-887-446-2074,accumsan.laoreet.ipsum@google.edu,NKT59TAU8KV,$2a$10$BWsKfqRZzMrAPoRSFCUSnuXU1jiyDtnoEy.xn/baRbl59w6PGN9KS
Ebony,Francis,1-569-315-4872,ut@aol.couk,BPU19AZF7SN,$2a$10$fQ2hVXp50wnDFRRKBPNx5u9YBqrZtSVRj0aepZuj1rHCTFFP0.4a2
Dexter,Bass,(402) 460-8452,odio.etiam.ligula@yahoo.net,VOE12YEX9UW,$2a$10$Iyvxr//7lhZ6ZeMcadgsOevOpu9ARWaEseeHU6GbFqxa2he9km3HG
Melvin,Hardin,1-838-590-1232,facilisis@aol.edu,MQF26JVY8RC,$2a$10$jy.QSEVmtgNTpq.6nTXumOeNh3c.ZZX0UO.izKPMT5ApRqIs2srjK
Isadora,Pitts,1-875-100-0305,luctus.et@protonmail.org,QYB95UYT1NS,$2a$10$X4XgEJ85B6KkeJgsBq5Ix.osoCtwAqP8WOfw7lfblvL9YNQriZNJ6
Hamilton,Collier,1-825-757-3454,et.nunc@icloud.com,FFV45KGR7XX,$2a$10$VpyX4g0mjwIUag68wtvpW.NG24.in7ZV1AyiN/CIuoDbwQgs2ApLa
Aaron,Hutchinson,(947) 528-4001,eu.tellus.eu@aol.net,KEI68CFR7GO,$2a$10$MEce.C62UPuAC/XclCbJ1eFukkuhJ2T4w1S0oHv1ZxqWmAlUR8DX6
Lionel,Decker,(484) 660-2659,scelerisque.neque@outlook.net,YWM67QLP8RH,$2a$10$Xq/o.UHGTjBwhwRYddtpm.4eDZXcoPFRtOyONqBEpcFsH2gaadj2e
Austin,Stevenson,1-630-282-1142,posuere.at.velit@aol.couk,MPP50RXG3JE,$2a$10$pXDDlyAT8FhmfeE3NQ.5Kev2kI/Uh6E5hMZ6/IuJo7qXNq16p3HsK
August,Carson,(253) 165-2457,congue.turpis@google.org,XSQ44TPJ4RM,$2a$10$HRQtSuISC0ApLtwuaa99IeMmuPjdDyVcVTCbzwPawUiRQ9GRwp22.
Magee,Whitehead,(551) 154-8725,sed@protonmail.ca,QEL40KIL4FO,$2a$10$JBy.67YWRBzQnaW5KOBDHOVoUwSrJRwe1THWM0Uk0hZCXnL1NO8xS
Bell,Cummings,(145) 632-6334,ipsum.curabitur.consequat@yahoo.org,JSX94RYL7MY,$2a$10$maVed/I0.osQoCkX5zLx6OonAtJoY6GTojw7Nk.o7wLryJOrjDhWu
Linus,Hatfield,(387) 237-1901,vehicula.risus@yahoo.edu,HSY56ZIM1EM,$2a$10$Y6ekBYtHYE8HGfaDahXlKuR5nchksJQfyHYsRF/FQ3DZcDE6.9Op.
Tasha,Barrett,(902) 553-0433,mollis.vitae@outlook.edu,BFL46PRR4SW,$2a$10$I8thzfMx.2GEZ3nbLTh3FO4MSRa6PebDm1iQja79UgurNtZ3v6Tii
Kevin,Dillon,1-693-127-2858,diam@aol.net,OVH44PYF4KY,$2a$10$v.o/feOkWP.i15Mv7qecqej7beYaaAle1V2VkOuxLGlQwH0vYPMNO
Quinn,Bradshaw,1-694-765-2379,tellus@google.ca,DOD53BHB4JH,$2a$10$KkkLCH1jthuj1WTF2QN.iOlPTwFuICElST13h11xDhNrMK3PKsMPa
Maya,Ballard,1-255-376-2902,pede.cum@yahoo.couk,DDJ96IEI7RM,$2a$10$5jfUbtP972sFqI2evnkFZO0pD0fO.bvJrY3lqU4UKHJBZhxpE4vIW
Catherine,Patel,1-348-255-2418,ipsum@aol.edu,DKM64NFE2JP,$2a$10$zF9mTiKW2jawxdLSuBNbueVWOp1mqb.3N3iAXDiZu.8QJwXY2LtSi
Jaquelyn,Blackwell,(151) 127-3082,malesuada.fringilla@yahoo.couk,KKY68VVU3KP,$2a$10$5gZgvwDiP6VtH.s8.d543uW5FVt8M4hgDRpYcUmf0Ar/BnYSz5fHS
Jin,Albert,1-872-857-3684,natoque.penatibus@yahoo.edu,QSX26EFZ6YC,$2a$10$l84xd7eHit0QaEi0Bf86YeQk7HX5IrL/8nwDz/vFS8Noxz22VhJse
Chadwick,Hewitt,(364) 234-1942,elit.etiam@outlook.org,ZSL25EJT7XL,$2a$10$sXuZKDL6/yCkVlTlwJh9EuR72H6PXkLeR6uWZyJrFDsj62V9IwWn2
Austin,Conner,(987) 559-6373,bibendum.sed@yahoo.edu,NRN78BUA1LB,$2a$10$xEj2ElbB1urFIOpVdW3u2eIVhlIVVsRFLeuVHLB2hXCuLD/RgTJoy
Tad,Villarreal,1-168-345-4562,pharetra.nibh.aliquam@yahoo.org,OOC66YGI6FF,$2a$10$LE6hR/CsWfaXIr7kFVW2GOWHrT./j5yn9JvTnBEBvSeYTWwVHa8hS
Cain,Gould,(957) 363-2440,sed@aol.couk,NIX23PBG9SN,$2a$10$briRc/VJxS6KMLMinCj7webf6qbFMwE9DzQX9s.D8Wa0wrpGdxql6
Daphne,Osborn,1-572-176-3199,ut.eros.non@yahoo.ca,XNE71LCF8QF,$2a$10$8NvehqcN1g7w1/GdXqZlZutJNMkVkeCDH4WuyDt.f7RZtMda7GNn6
Katell,Wade,(639) 828-0655,molestie.dapibus@protonmail.org,LRK41KEI1OR,$2a$10$DTHxO65Y8b9hlZej08JQqurtAwDuIqMGZlfyYBA6TD1MkMIix/aA6
Beatrice,Hickman,1-323-612-1741,ridiculus.mus@aol.ca,TPL73NRT0XR,$2a$10$GCR1hWQcp2RylJ/gigeQpO0nHDLpzDO/Lae.EDaRG5RvQwVXAbgRS
Dara,Hess,1-866-853-5355,sed@yahoo.net,ASY88IAI9LG,$2a$10$p3SOoSm0ljR4CetSP6p2BuMLy7W0GGKlJ79F29CS.eQCAPioZjfyG
Rinah,Mckay,(116) 988-6830,cras.vehicula@aol.couk,JQD42PPJ4SM,$2a$10$RVCCXkLJgGbYXt3ZXyInVeQQOVLw0F1SywaSkhrIPGwruK0hCZOhm
Rooney,Sosa,1-757-660-6347,imperdiet@icloud.edu,BBI34QYZ5NG,$2a$10$dm5Tq5k8DjqgHOGyyZWtz.Kaww3xdDzxcAIDPSy4uXAFFu3B9H95m
Timothy,Torres,(883) 393-2871,accumsan.convallis@aol.edu,HYR85UUI4WD,$2a$10$zy6VcfNjJdDN1LjdsOVn9e4nDByocfqbPlXCttoGUPbIOEPq6ta2y
Baxter,Gibson,1-468-364-8571,fusce.feugiat.lorem@outlook.ca,KPL38TWB5JL,$2a$10$ltlqfjV2pnZhNIFPIHD79eYSheJ8uWn554sz.0MhChR9QDs9P3oui
Wyatt,Gomez,1-442-150-6487,vehicula@icloud.edu,BEG92DVV4DL,$2a$10$UEiIVRUjiPuC4kH3RcIamOYveS4URGGbDbRXHXRSn.B.AT2DhiIxC
Linda,Jensen,(817) 491-3526,eu@yahoo.org,PCE89TPP2KT,$2a$10$YoqGm1l.3.Rvg/SsXMPLPuIIzVOV20iTezjKi9dK5ThYWSpuMtXVi
Seth,Beard,1-562-130-0421,mauris.eu@aol.couk,JQL58DJK1TA,$2a$10$G9rEJKCi0gLqeLbssPgv2eHlf2uOyxMHAD/rZlCjm2fCH3cU4gmU.
Destiny,Hernandez,1-818-569-4781,vitae.sodales@yahoo.couk,VZQ95TAL4UE,$2a$10$LiUl0glBZ5DArohyE254a.SXnG4D4z1nyJvCuf2TCi7LIUhF5zJcq
Dominic,Deleon,1-127-244-0995,tempor.arcu.vestibulum@hotmail.com,VWH08OFI2MS,$2a$10$oQcWOnqC4vxZ28lYn6LFEOTu5wrtxm7Mt.KyAhXVg7gV0w29rKQre
Gretchen,Arnold,1-688-675-9106,nibh@hotmail.net,BDX58DZT2PV,$2a$10$rhYf.wQtQlsq6GZGa7hwbeqaPxPmcFFhqLJlR58MzFv.l.iUoqpvm
Jonas,Ferguson,1-565-781-7368,sapien.aenean.massa@aol.net,TLN54WYW5IB,$2a$10$VEaxSo5fecpw/VjZN29obuQtnkIsiLf3jFgFUFXGFPTMpupRJgEXq
Valentine,Hubbard,(228) 328-3586,lobortis.quis@yahoo.edu,MIO23QQB2GN,$2a$10$LMIaNZhLv75ltBvsfeoLcuE.Gcuh4xU80UmGN2yBcnKYI7r5MFysS
Leilani,Mayo,1-556-435-3981,phasellus.dapibus@icloud.net,SVR51BTG3XF,$2a$10$OpOXL/E8gy3y4IF0qn9IZeCYJBhM.rUOZdHwX7LlMJGhJVPgNrdJ.
Iola,Maxwell,1-232-406-5861,orci@outlook.org,EFO86YER1SW,$2a$10$XmpHfOrzDVx8602fSP83x.6Rn53fs7KsiYLQ2ubhY2KtXcADuQcgm
Marsden,Terry,1-556-260-6673,non.arcu@outlook.ca,IJY80IBM1AN,$2a$10$KU6XyaWOpOrkI4lEkQ4Tu.79zcFmspifqIf1WDJDJJ04lqzldsl76
Rhonda,Fischer,(466) 188-5135,curae@protonmail.org,GPF19HGT2ZH,$2a$10$rrCIJJUp2QFqVEHqTEOYj.onKcYLcrqYfN6ZMZUTiRXfmnIBCib2a
Hedley,English,1-844-814-7179,nunc.risus@aol.net,VTQ03YSW4XW,$2a$10$IJziXKV4oBCMfRO.2FfkWeEAuu/MNhhFju7tdnkFTlGmFCkdofslW
Megan,Barker,1-804-235-5208,augue.sed.molestie@hotmail.com,JDV83ZYT3RQ,$2a$10$eQgFWCWXC38npjz5pzMldOPr2OhBqcvZKjHFtyJzmLSIcJLb3csya
Sean,Valencia,(222) 554-2172,nec.imperdiet@outlook.com,FVO56ZCP4OA,$2a$10$4yFSBxHnOQb.LTD40/9z1er/iCKi/S9wqnmaoQgIlUnGVrkxmo0U.
Jasmine,Patrick,1-682-263-1858,sit@icloud.ca,IJM75JCT7BU,$2a$10$oQ33f5p9MBkSOe.g4ssBm.j.2fyIL4KYwBK0dCeL7xcGWxePRxyVW
Mason,Farley,1-980-447-8588,morbi.tristique.senectus@google.com,OEK58GXI3TV,$2a$10$vU98CBDWVDB7EwCD85w9weMbLIAYZPYJDTLRVexZjZwkrxnEOahJa
Gray,Knapp,(786) 241-2498,nec.urna@icloud.edu,YIJ20MNI8OQ,$2a$10$XJ.Wn0u38Aylg06blmIExeKrsYFL9bp0hoKtBbLTofzuwG0Rz9eUW
Dillon,Brown,(326) 708-7650,hendrerit@icloud.edu,RCN22CKC4ZI,$2a$10$3oBr5v4Dv1r.YNqk/cuz7.ww1W6Cq6pzHhD7n0EbYn4Yzn4o9qMwa
Lance,Valdez,1-633-194-0580,consectetuer.adipiscing.elit@yahoo.net,WHV28ZHP5VR,$2a$10$FlJlfFK2.qfdthZcNvs2nucoK4VaobVSkhh2cEK76/9NEkMpyb5.a
Serena,Mckay,(773) 558-4754,ac.urna.ut@aol.net,ZIB35XXM3DI,$2a$10$OZnvyt/9e/0uhosYlhhhlOc2VILX1uti9VnjYpV2ZV4msWHTiqc2a
Iola,Burton,1-494-386-7520,scelerisque.sed@hotmail.ca,YRN23LSN9BJ,$2a$10$N4nlIDTB6F.uq1KD5BUjO.3yTClPVkDj265D7ZG5oXCgc06JDoB8q
Robin,Phillips,1-419-203-8481,diam.sed@outlook.ca,KHJ79SXO3QG,$2a$10$ym5AmImAvCCc5rStslUoZejO4jpgzRMGv2wr1VXaCh.JDt46zd9A2
Maia,Gibbs,1-236-456-9851,non.hendrerit.id@protonmail.edu,DUL50TDJ3PR,$2a$10$2BHmWU1V0WzFe86M.1E1OewqxNGj5qYIM6XXx.B2agcQwwL1ulOiG
Gregory,Pope,1-644-872-6467,nascetur@protonmail.couk,XJI55KOK7ON,$2a$10$AK9PdG9/0alV7oA2X/vpke/xCzOalI2wTm7qMndkrweQdRezJQM16
Scarlet,Miller,(465) 188-3613,taciti.sociosqu@outlook.edu,QXR81NFL2JQ,$2a$10$hor2GsvNO.BtuER6mA5iu.kjJ0WS1RvbCAzNHEf8IUpDdNx.bFJpm
Cameran,Weber,(434) 322-1321,purus@icloud.couk,QFK87JEK2WD,$2a$10$IFSEpy8fdtDRrtQdwohuiekN0FxW6wbNBigpKrVlS/2aDfCfTB3UG
Alec,Russell,(887) 627-2864,rhoncus.id.mollis@protonmail.ca,FSR91WQK5CE,$2a$10$oqDciZXMEvTWluS1/TOXLeVVgZKFTCWCgUVaJ3I3AgiKeXlkEoFVO
Rebecca,Perez,1-341-733-6518,sem.elit@google.edu,HMC11SUO5TC,$2a$10$zpOBUGUzIBYB17pdIYgoeOAiOGSGKS2lrQTE9befbtFVtt3dA3t6i
Dorian,Terry,1-382-643-8218,enim@yahoo.com,VYV31HDS6IP,$2a$10$jLr/VSZn5zIs4R4huUTZJOKDq1MZWeOms4qUcGPwlHkDrwA.u/XnO
Tanek,Abbott,(112) 425-1604,hendrerit.id@outlook.ca,SKY21FFU3GL,$2a$10$4hpw8KBxFNLYJiAniYRaG.9CDRW9Z5vVYzi7Y8FQvx2J51X9ZeX8a
Walter,Rutledge,1-706-772-0687,phasellus.at.augue@aol.ca,AYH88XHT3LR,$2a$10$UOCJU2NdyuhxwSRWm2uCR.ts5Anmdnke.GP5huRunQDyx759qBUD.
Jameson,Frederick,1-736-736-7374,pretium.et@hotmail.edu,OKB29KTC8PJ,$2a$10$CImKkr9vkOymiQgttoK30e0BPgeQ5IdbYWUK9.enMjCDCIZscw0K6
Hammett,Nixon,(893) 216-4633,turpis.egestas.aliquam@icloud.ca,FFH74QSW7DP,$2a$10$LFu0hJ22BFd13tVhhymsa.FS3f32pLxoNmZ5fyCa04sETwfS4g3oG
Cruz,Shaffer,1-687-933-7655,fermentum.arcu@google.com,IBH87QIY5LQ,$2a$10$lvmGboWYrv/Dx4aTWw.Qve8phOUQsP1KACj.rnZ65o3KwrkedFqNG
Cruz,Garza,(160) 638-0752,mi@google.ca,SQL13KUI7GP,$2a$10$CeOMdrGbZGg6GNwkP8p9/eMDfPWoBdMqbSelJad7loFyukpb1mOLi
Martena,Rosa,(564) 769-6820,semper@aol.net,DEK97WJL2UC,$2a$10$sMJybm0O5gqv3MYh2ovY4e3ImC3PUztOOP8XawWjpe9fdv7K54l0y
Ashton,O'Neill,(811) 749-1435,libero@yahoo.couk,JUY23SQL3RK,$2a$10$oJGgz91eULjnQnJP46eASeVIASeF1pspaWqp3PgSH2V08XVr7JFqq
Francesca,Taylor,1-787-291-7479,leo.vivamus@outlook.net,CHV98YND5UD,$2a$10$74Q07Pa0TTIR.QxiTMEODuecIH5XE8G9jF8n0coXq2j99K8K4XJMW
Russell,Suarez,1-530-237-6776,elit.dictum.eu@google.ca,YEU51NSI8IN,$2a$10$hujrpARfHroUZzsLNfToqeHoor8.rFbNIenu/2kUY80Gu9UuZa5OG
Sydney,Macdonald,1-776-979-8487,aliquam.nisl@protonmail.com,ERM54VVY8DB,$2a$10$PpA3em7C7I8UQKGb.xUJJuCZXoM/4q4xzdWkoK./R8RMMo9X9aVY6
Ursula,Cline,1-794-178-1791,lectus@google.edu,FCI55ITE0OJ,$2a$10$0jytan2wn24mYuLzpzOXbuioLGhzN0F9ENmK8qm.jSN9zF/7Bxv4G
Hadassah,May,(687) 616-6243,purus.maecenas.libero@protonmail.ca,TTT62VRI2TD,$2a$10$P3LO9aHQICd1sHxzOwLze.OeEXBUTdmd5.QJ0elhV66JDhIBP6tyy
Halla,Chandler,(488) 761-2069,sit@icloud.edu,FQP23EIB7RI,$2a$10$m4Ogx9IbBVTMchHaGQPaBeIo90hu5feiCEXbFNeLcQ45xy.P4Ncw2
Bethany,Stout,1-687-266-9587,orci.lobortis.augue@hotmail.ca,CGX78QWH1QY,$2a$10$cf/p7ZCtR9joLndOCECWnOALdl46ltCnYqkDMjJYgfBbjuwHxXPZG
Nehru,Rivers,(265) 672-8761,fusce@outlook.couk,PGT08BBS1XU,$2a$10$6UprT1KcCVRZQMOP6Nwd.O5mW8kCy1lu/ac5ssXxJ5AwLuuYmKD1S
Jamalia,Crosby,(638) 450-2611,ut.lacus@icloud.com,IFS86CVJ7NI,$2a$10$AOub93KULin4p6TvSz2eXOeOK5QqOHITeUdlUqCNfvlvCzQ3EmHtG
Berk,Fletcher,(626) 788-6256,erat@aol.org,HHZ47RRL3DE,$2a$10$aMeCBrkbIndg0UXqeHHMwe9Flf66jSpr.5lr4.bfrR6wthIc7V7jm
Hu,Odom,1-801-320-6414,ipsum@google.ca,QRM71MXQ4GT,$2a$10$QfPsaG52PnXZcEGn8KSb/ODeQmzA/N2OhBVZ987jGr9Kw4IewyFOy
Idona,Bishop,1-655-615-6289,diam.pellentesque.habitant@hotmail.ca,TPL32PSB1GV,$2a$10$VVXuUmw9DqqMXs1WmDA/BuBHEjbKxU7s0F0QVSRHOH6v7nHgpfqV2
Coby,Holman,1-661-520-4442,habitant.morbi@icloud.edu,PAR23DIV8HJ,$2a$10$Y9ccy8E8Oyo6TAE.OEkuuuChDmnmPp21ixDEtErpoQbw/gBJMuSqC
Yeo,Orr,(878) 269-4766,nec@icloud.edu,RXL11OGQ4SE,$2a$10$xFtZrHLMI8jRKEjmyPyc9OzKlaITI461qtzyZvBWXnUtuBYE8asBi
Kai,Montgomery,(750) 368-6944,lorem.semper@protonmail.com,SWK74OGX8NH,$2a$10$VnELT.k7otgLQRsv/5vmI.z1KPRe4swojGntxRafNGPYYVXDVh2B.
Hope,Carroll,1-874-221-7867,in.consequat@aol.edu,ZKQ38ZGI1PA,$2a$10$e9OT9wNxWWKujq0eh0WTeeeDWoRAFpXB4SsYCwyAYOBohiiWAkx9i
Cruz,Nguyen,(686) 225-7682,adipiscing@google.couk,DDP57EZL5NO,$2a$10$4o7FWPiBb/eA4F8n9JRhV.OnTf0bCuC.FEWRxv/P4a1n0ODCInETu
Miriam,Dickerson,(566) 826-5462,tempor.augue@aol.ca,EWW31GLJ1HK,$2a$10$cYFbPru6qjOVCy7A/krJde3lbicyqlDGmffvJfxung2rQkRjScWry
Carlos,Rodriguez,1-462-528-5464,dolor.tempus@protonmail.couk,NRU02GLH3RS,$2a$10$RN/gVr7qP6WzGXoApnmtUe.gBeIinZ9UcwDzlo1RLbLqF.WC.8UBe
Demetrius,Whitaker,1-435-418-3503,odio.a@aol.net,COM53XTJ6RB,$2a$10$zOWJWJypFmIuWwcnyJGM3.4gRIVH5.Apj0XsKmpyUBtZbv.QfkB1a
Ronan,Spencer,1-557-766-7250,non@protonmail.edu,ITK63XJY7AU,$2a$10$4cFX/tX12XLqpgwp.QmlhOHgQ2xSWciN3chcaVdt8j.InRYdOAR0e
MacKenzie,Colon,1-480-415-3287,libero.lacus@hotmail.org,UVV87BDC3WD,$2a$10$sd.5MBO1qkIYNrXX0sPZHuGdnRtS258WsPhLuha0rVTX6OY/ZFbpe
Regina,Hood,1-896-251-7267,pede@icloud.net,ZGP85WNS6DE,$2a$10$fe4zoBOZXjMGTcRuCoKG0efay/Cq/Bn6tqtNMB17xTDFRAZ8mBOOq
Micah,Clark,1-453-585-9948,eget.lacus@outlook.edu,EFF19XSA3JV,$2a$10$hFawc3WnlnZUcgz2s8pZQOb5f4UXQ9njzc3JPoZ5ZCBtCCUowI4lG
Gloria,Keith,1-335-727-2884,dolor.dapibus@yahoo.net,WYU42EBS2CH,$2a$10$kPivDK00ybKFb0nJN8/i5euASpMuu55S1YYXJPEESIHXds4hJDEla
Xanthus,Adams,(222) 574-2616,imperdiet@yahoo.couk,WDY40YSJ3DP,$2a$10$kB/Ai8OZqQRPQFTh.8eqVekiydfLys7eIj5nvRMhIFVeyZg3ZBG6e
Thaddeus,King,1-283-643-2178,nonummy@yahoo.ca,VRJ91RPW2MH,$2a$10$im4rJ4f4PZOJtDNeEHAISu0lacilUFbJtlHXXMtNFS6n79SaccPQu
Chadwick,Baird,1-966-324-2838,parturient@aol.org,PZQ15SWK8ZK,$2a$10$.K5IOoFx8X3GNtJ1iH0TIejYQpWHgXhxLB1ZBoIdVU4rBHX5vBpbm
Reed,Gibbs,1-819-698-5187,dolor.egestas.rhoncus@google.org,EQR09KRP2HA,$2a$10$MSrxAb6KXXsE7qmuqf.C9eNrAQBC/BiezYRNLC1CekfX05wBZVaWa
Tyrone,Aguilar,1-946-984-3612,eu.odio.phasellus@icloud.ca,LAK29FYS7GE,$2a$10$eOxAJVtGWzdyvSkDQrknAucTwsn.Ka/KQkqshkhXNeHRb0AAMMth6
MacKensie,Prince,1-512-557-7892,ultrices.vivamus@icloud.net,DJD01TXW1JY,$2a$10$XUMJ8So2ipUCgLjOWkze6eZxCB.tm71LVMAXjEO8Hil0X4spz/76e
Joan,Hurley,(456) 939-0409,fusce.aliquet@icloud.couk,EBJ78TLX9ST,$2a$10$Jv6Qhxyj7NIEsDMiSwqZy.UOJDY.nVKs0qLkPyDfxXQFiI30jLh16
George,Mckinney,(774) 772-0966,etiam@outlook.com,EQW58IKH6YR,$2a$10$Uevq7mmCWnfuvNW5EWccVesrl0sGT.xP9HACdAMd3HNao/m1RFERK
Dalton,Hendricks,1-876-529-2513,enim.etiam@outlook.com,NQE31XTL6YM,$2a$10$S/rymfzjldRYrWnMvZZXcuFXWoYTVHHOXwMPp8jPkhrdlkoQEmsEG
Joseph,Raymond,(579) 954-5554,congue.in.scelerisque@google.edu,MPS20FND7JY,$2a$10$rY6iXRplcIWLlEicCvQl7OaL1.4ZSYbCLWv7eWEcwXT6jYgjS03aC
Quintessa,Reynolds,(552) 883-4585,nec@aol.ca,IDT22VVD7GX,$2a$10$rg7aKkxbh4Dc/GyppWGYmu8LENa319M7pbXFjFLhxTWxNd2KljMWO
Yuri,Durham,1-854-155-1906,donec.non.justo@google.couk,WWK63RFA3TD,$2a$10$.wViUMcK4cq1oBL9HBkl6OXcDcd.TVB5Km2zPQsNkfPjWhI8gLlAG
Jarrod,Woodward,1-459-272-3082,dictum.proin.eget@hotmail.org,VDI15OCS3LV,$2a$10$0Hu4epfnopX5JevDFf17zOJCyMJ3GBFLpK3hsfu9OgGzqnniAUGhq
Wang,Bush,(528) 217-5632,nibh@aol.org,UIJ97FEL4CE,$2a$10$SUUMA/mQ.rn72RK.L72QPO8Ic0fmZGSE3cxITJca0KVZZUXKwCtLe
Rhoda,Murray,1-347-178-6872,donec.luctus.aliquet@google.ca,NNK63ERH2EQ,$2a$10$TQomIscQZfSHKjyyDw5ugOCwMQVyT4Edd2Zwvlz311QO/TNF8.cp.
Zeph,Rowland,1-404-416-7188,tincidunt@yahoo.ca,MWS40BUL5KX,$2a$10$YI/YOonxgp6YJ9Kh1/8s4e6Vm9M0qlB9UifcTbjLscvDM0wOw701W
Judith,Cantu,(663) 358-6233,turpis@yahoo.ca,MJU77FLF6RJ,$2a$10$7EsFvbwF7ixsP0PiaApu6ekiqai0OSrHo8O9U9MzUCa1bPsiC9sN6
Russell,Hart,1-201-812-7218,lorem.ipsum.dolor@outlook.org,OQR75BHW6JV,$2a$10$Vq0GAilUENPkN0dDKofKdunAEYl/MxIydowtOedARYj2VXwp9BMz2
Salvador,Frank,1-224-723-2626,malesuada.ut@hotmail.edu,NQY95JSK4TE,$2a$10$0Ukd.ZSTUjyWHTR9cnscae5n1RqoXR6sOVDeGfx2AuhIfNdU8HJq6
Charity,Sheppard,(916) 605-0363,mi.pede.nonummy@protonmail.ca,EDS13LMZ6BE,$2a$10$oNUO7qG2Q2vmRTgJMKf3xeHgLZO5v0Bf9DsujtrcVn9mpvMhnnKe2
Clementine,Mooney,1-734-250-1566,sem@google.net,SKD39GLW4MH,$2a$10$4/GfXmIUE4BAxA.fmFRlg.ShexU.qOZVVjPrkzvZnQswDSYWt/J1a
Lara,Riley,(316) 116-1614,sagittis.duis.gravida@icloud.couk,VJD43KJV2PL,$2a$10$5Jwf2Ug17xwHXfJi2piTjuSJXl4fyn810qCQBxe82OTR/yt1P89ea
Ulysses,Oneil,(474) 967-4162,lobortis@google.net,ZWW51VWM4NR,$2a$10$6OJcecggFtcf41XDn.4vJeERj/bEeKx8o1XRO.jPz2YeFwCiaKFfq
Hamish,Wallace,1-520-621-8696,nisi.magna@aol.org,WCT68BAD9IN,$2a$10$/tQYHOQnrTc0X92hOgGpMu2XG7cgHnuXog55yKIPIF.GvNmG2wLuO
September,Reeves,1-736-821-5715,ac.turpis@outlook.com,EDX17QIW1GK,$2a$10$ak6eSWUNP6VxeUt3onrCauRSJzWCkTN39nm55u51gBqbLkjACaOq2
Pamela,Harvey,(481) 284-2826,adipiscing.fringilla@google.org,HPG53QPD2PJ,$2a$10$RxCnFic6BMZsMqF2hePneO9eC8GyojeP1lQFYThGGXRWS3kmI/OpO
Ashton,Serrano,1-175-323-1812,aenean@google.net,QOH87RRJ8WN,$2a$10$a6TR3Gigue3GhJSZ/6OrxeIxs9QO0YnQkIudK1Rn6Y1cM6BNrPZOS
Jessica,Norton,1-527-656-4171,integer.tincidunt.aliquam@aol.ca,YCM89DFJ4MD,$2a$10$yAc8Fxy0VeXTeHDG9g6oKu.GSBukL9pBXjzd7j1BXvcbmXb3Y4pEO
Evelyn,Britt,(268) 715-3131,nec.quam.curabitur@hotmail.ca,VBH97MMK3VT,$2a$10$nZhU5C7dn6uZe6A4tPDK2.5LNckt319gMYSfSPeka/4mhAUMHq4Ve
Regan,Waters,1-243-493-1461,morbi.tristique@outlook.couk,UDK37QHY8CV,$2a$10$Kn7Il7kv644grWZXHBAEROajwWd019uC6LOVIbX1ku9GqpzNB9P4G
Laura,Wilkerson,1-812-321-2415,tempor.augue.ac@google.org,KYO96TWB2WS,$2a$10$uswrxarLFX1ES7FjarUjleGEWnQrFFTKTdYaiD2tDroLOFcYBtile
Yuli,Vargas,(244) 661-0658,nunc.risus@icloud.net,HHZ79CRU2JL,$2a$10$jKSefHeh8nhmwNLzD8SWz.ak8pOfMxwLb89e919SkNsBpVCRRSw1K
Melinda,Pena,1-464-354-8120,porttitor.eros@protonmail.couk,QBH46MTF0QO,$2a$10$iEmfdvQahV6XRb1UGl0Yz.nJKy0kem50u5R12P5U49qE61/wQgA/O
India,Adkins,(381) 366-0523,ultricies.ornare.elit@icloud.ca,ICP86HMO5LB,$2a$10$fDeM5yu11.PsZmW2kf9To.wab25GGok85OPl0CwPioBNiIadjBgaq
Judith,Frazier,(586) 627-2504,vel.arcu.curabitur@outlook.com,CRZ33QCC6VN,$2a$10$F31scSSreP51yVVJTiMqpe8krZ05LNVNmDHP5j8YKYE9rmgl31a52
Lacey,Bullock,1-162-489-8861,metus.aliquam@protonmail.org,GGD69YQQ3UH,$2a$10$0Hv.9/FkpHO6RkPmpdwX3ulxkfobFTF.c9C8FzOM8z704sIVYBN9K
Yolanda,Austin,1-255-413-5822,risus@hotmail.net,NTB16STP3DO,$2a$10$r3VpTXvh1xG5rjpdmvIQOe0hea.KREfwu5.4zq.8rBoTXopBc2ZlO
Elizabeth,House,(812) 116-7388,dictum.placerat@outlook.org,UXU91NNI7ZR,$2a$10$weF6yFiKC39sH/xpPouK.OUNiKx26KwjPc/ojiWfJe0G4NNjqbHWm
Drake,Whitfield,(614) 804-0275,tempus.non@google.com,RNH44HOU8FY,$2a$10$4SOiKDyfaeHJJ6IB.MH.quGzMVTOW.Vkt588F4cEKhzeLLoAkoNgS
Lance,Glover,1-814-391-6434,nec.euismod@outlook.couk,ZLY97GJM6TM,$2a$10$O9aHXO9jtwihJUeOCTk6x.E/RC3094zDFNnZKWOlF0HXQfAffODFK
Harper,Salazar,1-236-222-1554,sed.pede.cum@aol.net,JYA85HQA8BA,$2a$10$4lMlWIPiXTfjBwLVBZH1lOL3liSNOpa3Vq2LttZ6tYMNNuPH31kva
Ashely,Haynes,1-282-387-4417,dolor@google.org,PUF18CWE7AY,$2a$10$ypmuFz9Uqbei8olhlXzLg.5YcYvFZ9TDFLnL6oN971mrILTdKF9d.
Curran,Lewis,1-122-542-7563,scelerisque.lorem@protonmail.com,CFC22TLT1HS,$2a$10$wXkvxhNPXsYPjok2d23rKOuhcZqg5385eoAMfqwoaxJ4qQcVj/8Ji
Boris,Reed,1-919-188-7616,amet.ornare@protonmail.couk,XQJ24KYT2QO,$2a$10$sd5eji8eH5aftZURzMS3QOrUrqlXGJGNORf51zodUPjMxWJkpH3uW
Kyra,Soto,(866) 735-4653,arcu@hotmail.ca,NGL47RGN2GX,$2a$10$B1vTS9su5MHMh6/kDfT9g.PmPS/k2Xqbhnd2GtxGNp7Vd1xpUPU0O
Anastasia,Emerson,1-876-678-8114,massa.vestibulum@aol.edu,PCY18FAU7HE,$2a$10$RPb0tGhvYlg6rt9oWiGs1uB7vgpO0MvW4WM3L8rKIaQNhxI2zRIRO
Wynne,Rowland,(374) 950-6597,ultrices.mauris@google.net,FSM24DSO0YB,$2a$10$xx5rvZPEnkaYt9h4HS64bOVHATik3iHnl5wCOFC20JPgWizZtRgoW
Haviva,Molina,(736) 160-1571,eu.tempor@protonmail.couk,YAO34ULL2LG,$2a$10$vHw8Y1fvnxPMuoz4VtmuHunJ0LcO8diDeIH7OLGvDTSAcNdEabE5u
Sierra,Osborn,(268) 275-5381,venenatis@google.net,DUF45LOE4FS,$2a$10$4q5qJGTFye8n0SeqHqBFduB2QyrW1P/OOF3N1w6ud02XAJY19hdF6
Lacota,Ramirez,(548) 815-4462,cras.pellentesque@google.net,AXL50CXU2YY,$2a$10$5Pn2fyQKQ0OMNtilCwyjfO3kscGEbPfeUHbC63AaMoDlo25qhvbOW
Evelyn,Serrano,1-745-497-1448,donec.at.arcu@aol.couk,WGA31SWT9YE,$2a$10$IoXFaaNp/E.DsGhn8nZHbedNLgAUM5jjweI72zB3mr5JTgM9UB/1S
Megan,Rodgers,1-320-847-4617,eleifend.cras.sed@hotmail.ca,HSU82VBP6EU,$2a$10$qBRdaewqHuEQ8OlI8ghEme9Mt2rcq9evx5VwwFMMi5UBCoq2hz7ym
Wing,Christian,1-763-992-6042,neque.nullam@yahoo.com,NBB58OHR7VN,$2a$10$Y18iGLw8Wx5x2CWDv7x7b.MP6MGmo7JCvlIsfTi5mxWh/fVscDpO6
Stewart,Dillon,1-502-411-2226,tempor@icloud.net,NBJ24FYN7LT,$2a$10$sbU19TQH5Z1wuCU5SyvxkOKMfIqdQnMqDkpJLTQ5zR6B07pVJqbuq
Amela,Burt,1-364-483-7504,sed@icloud.com,HNO86PFT6QP,$2a$10$RPfdKY.jTTawwdR56d86i.AmYJU1TzXfyCCHKskvtRaHdER7/SIs6
Caldwell,Cochran,1-812-834-8510,dui.semper@hotmail.net,BCN31OWU7TF,$2a$10$1v8ge3yDz7A4WAWH6VFYwemjwhD.ULzZYoj4xXM8aZOMVrDB.613a
Irma,French,1-851-158-4198,tellus.imperdiet.non@icloud.edu,JYG63SZJ6WJ,$2a$10$8jCLALZiJtblkFzh8DJ8We.a0d42fYr8QCWWKysxQHb.T2EFVUkCC
Lucian,Cooper,1-344-893-2475,tempus.mauris@yahoo.com,OBV31XXI5JZ,$2a$10$rBceKBWu9q2C7yn/f3iVA.n5/6VzcgnMo3.G4ZHBXIJTd2VM1OdWG
Odessa,Calhoun,(424) 442-6512,nibh.dolor@yahoo.ca,YFK83EYW5WP,$2a$10$0zAN2rjvLknRBRjib2Lb9ecXldbNm2ktZ.rr6ArG7RnaekZ43fUMO
Aileen,Lambert,1-231-741-5121,vel.turpis@google.ca,JYE95LEG6UO,$2a$10$X/ViCAZDyMyt1EXiuF0Ipen6xr2EDAi2WhVrcA8JIGz0Vgal.yeFm
Kyle,Bishop,1-685-842-7673,amet.diam@outlook.ca,POB56OEA3QR,$2a$10$9er0s958QhYUGG4XLsH8te02pfMRC.UnVRe00WMU1Dgb9yqOOT89i
Zephania,Hanson,(832) 563-8645,mauris@yahoo.org,VIN98VKN6IH,$2a$10$W.NtF15KnJBLkjqqztjTS.A5IHp1d9GYj8wCk33ptRFN7LPRRqz7m
Christen,Ross,(751) 654-8136,integer.tincidunt@protonmail.ca,NMX28TQJ0TT,$2a$10$JyBx0faYkrp6fHxFhfKYWOCvtPr/U6C5suFM/V8QhbQUQ5NbnPrtG
Cora,Reilly,(319) 996-4592,hendrerit@aol.couk,DKR19NYN5HO,$2a$10$JrQlwSFSXvoTon72GOYD9.HLCLy4J/9/x42ySpwUFfEvO8zEWFf2G
Herman,Simmons,(647) 883-3958,tristique@protonmail.ca,VMY50ZRO3UC,$2a$10$bqTdASdPbUF4pGaG51CryuSqW04kd3ah1WuV9zx/SF54JjX.0Orhm
Giacomo,Forbes,1-114-775-3836,sed.pede@aol.org,TBU19TAU3LU,$2a$10$5nS76mrba0wtYMSMKKUQI.cGDnK0SGmldNSVuJjs7EeO8p9S7V9T.
Merritt,Jennings,(497) 433-4713,diam.proin@hotmail.org,KZL22YBL1KN,$2a$10$EZDkzrQ5btpJuFjff0d38ubVWtTZuuFTNtQ54tGq7992VeZePdnSi
Wynter,Patterson,1-843-662-1031,donec@outlook.com,CNP85QOE0TM,$2a$10$EzZvuCptLwjiVS9CMacyEOBr3eDhc0cewVLWC1p3663S8pKtmk0zW
Sierra,Battle,(917) 646-4648,lacinia.mattis@hotmail.couk,DSQ15ZTQ2VS,$2a$10$Ybbo8XwW0p1MpZ9jUj1.COCS9lDcBfH15DFuE1pbhpnCVWy3J8I9u
Eric,Wynn,(976) 422-3892,ut@outlook.ca,IGP19QVP1RR,$2a$10$nFp7gM99CYNmrZxfASoMSez1J5rg3696K7wj0GuNkAycMBAy2SYwy
Whilemina,Ramos,(616) 515-2236,pede.blandit@outlook.net,LUC22EZT0VW,$2a$10$DymGFF.nz7xRV0otQe6ZSuiez/7XC67wZDHoE6pT43I1FN4ITQrUu
Venus,Gallegos,(218) 655-1265,dictum@outlook.net,XIK56WGC3XV,$2a$10$GM2dO9wcNz.xDzBru2F4fuJuNGo5YykijLINvbxHZe8fX7RfCBFZi
Reese,Griffith,(430) 539-7760,eu.placerat@icloud.ca,KBP74GPT0UD,$2a$10$SfFZAJEQG.Uf/suObeSGcuQ3HjruqwjH4B4w.GQ9IhQgMx98uKG2G
Ivor,Mccray,1-824-210-1187,non.egestas.a@google.org,NNQ98YYD6RN,$2a$10$n/9gNBsQEhx4rYFY1mTrte5v2AYaT0LUdlK7HwjNcPyMYhK5047by
Olivia,Howard,1-226-133-8764,tincidunt.nibh@aol.edu,JNN38CVV6YO,$2a$10$zgLJgi/CHcKGy6yMm/q06.T0TQ2tIr2wy40W6aPN1FwqoajeKPeFm
Jayme,Justice,1-536-167-2464,nunc@icloud.net,TXT23YCY7JR,$2a$10$8WjcvW27s6liko5vFj5gB.8/A/ID3aEobLKhz1H9nBwaJyPgDtfhi
Hammett,Ware,1-401-513-5715,lobortis@protonmail.ca,BGP80IFO5UJ,$2a$10$7fm7Oyv9kXhbWfR00ci9kOrNjzao1JSFDyicpgPOPSJsTKSlcDu7.
Zia,Lucas,(548) 532-6418,lobortis.class@protonmail.net,MKK88SMX2TQ,$2a$10$IOt99OxPOrr0N2oPXNTCw..NklFrEwovC/oNKOfQpOcL/.1DO28ga
Aristotle,Lane,(453) 847-4325,ornare@yahoo.edu,XZC02UPY5VB,$2a$10$ub5GJIiDW.KFWZr8tRN1eudHEOeIyEWgD8VcQrEEZ/jEhP/OFqdC2
Salvador,Wood,1-426-888-4856,bibendum@protonmail.couk,PQS48JFG0KC,$2a$10$fSO8MOCaoou6Lucl1OXwjuoXy2YuOkCg6QjLii9vQsevJV5I9Pb/W
Hall,Ross,(934) 100-0132,ut.cursus.luctus@protonmail.net,JME82UUF8SQ,$2a$10$c5mP.VQQWwVKhtboIEFrUOFI6LIAt4ZUBSbKrH2.iS/.DNfHRYZ9S
Regina,Townsend,1-682-704-2633,nonummy@hotmail.com,VSF90BKS0PI,$2a$10$H302ne16lf2xzPfdvegUZ.qSgxr582ckDFjHakRIcseHqI0K2H.WO
Alden,Glenn,(729) 347-2335,et.eros@aol.edu,OSX30CXN8GF,$2a$10$5eEMByPTpXnWYfRsLALsU.3HBPDQvbyjM46RZdWzHyOGL9mnSdkxG
Jescie,Wilson,1-548-213-5367,sed.malesuada.augue@aol.net,VIX37QXQ2EB,$2a$10$ZOOfaCN/Yj35I8/.7IKQpeG5tmgy8KfhoAeVZDIIUiBz0R2TOAGIm
Asher,Garrett,1-636-592-6959,quis.lectus.nullam@aol.couk,XEK85CSL9EP,$2a$10$FJqqT7F/Jzy4YVW7uY/BaeYM3i0r0FkxiwQKe0Zk6v3ho23EIxISi
Barry,House,1-402-249-2846,sem.mollis.dui@icloud.com,BJR18JEK8YV,$2a$10$CXu/wNy7Iqus1modo8R85uNfVmuBcrrJziouCVF.2QXBU52lOhYha
Pamela,Walls,1-502-844-4646,ornare.in.faucibus@outlook.net,QAY58AKY1NG,$2a$10$KhT712KkVI70WOMfk3f.SOjhJu/XZ87EZScOMi1jmHPyYB.r.fY3O
Calvin,Erickson,(378) 472-1743,vulputate.posuere.vulputate@outlook.edu,SEQ56SRB0ND,$2a$10$YEYbhaBa4F2V3TIWBSDZO.CHgB6VnxYHqYTqWpGTl0akLFX.XUBVu
Emery,Chang,1-239-873-7657,nullam.ut@icloud.com,PKQ50RFX4VO,$2a$10$5Ga60ayKCRsCJCIccE0ULurqABOMsFWzp2sDQimQ0KBEyKrJ.Gb0y
Aileen,Robles,(775) 861-8770,cum.sociis.natoque@hotmail.net,EJG97NIX6TC,$2a$10$UgnyVkSc1JwQDzWSVLo0y.Hn8bv03lU3YrEZ6YxH.eu9M1D/0t2ie
Valentine,Perez,1-879-128-1158,facilisi.sed@hotmail.couk,HPO77HWF3SD,$2a$10$lP312bVjXCcaX44m5ySLa.AX5Fmde2fonM6egZa8oFcua1RCELTNK
Adara,Juarez,1-641-328-6177,arcu.morbi.sit@outlook.net,TNS83THM8BH,$2a$10$d5MEwFJ/vxAiQuQPLhjI9utHTJSASsjXkL5zYEEZrabuhzdu3bGZy
Sean,Hendrix,1-147-455-4193,semper.cursus.integer@protonmail.couk,KSY44QTN9EU,$2a$10$2NjuJe1fKyj7rja1KNtFzOG31uvuYmqKBg.5Pxb4NGS9h8wbMRWXG
Ian,Rowe,1-322-470-9790,luctus.et.ultrices@outlook.couk,XUM55YUD9QQ,$2a$10$1pBJNLo3RyVgmlxi5ioVkOJN61U23HrpvaWjvGUce8kJ9p6SS6MKq
Coby,Bass,1-663-687-8085,suspendisse@icloud.net,RTO90VXB3EI,$2a$10$aDljvQHVfiMl4TgF9ea1xe9Vz8XNAJBiLP7bGPDxoK4gAw/VJxlNS
Hayden,Carr,1-268-842-1511,quam.vel@outlook.ca,TWU25IYU5GH,$2a$10$LZh43Taaf5ARWOLcJ8mFJ.cdhAgTejqCW4QETJg/E4uxY3yfyLOsG
Jack,Berg,1-215-303-7876,ipsum.ac.mi@google.com,GEM62JDL2LH,$2a$10$PsKMyefdY6rY8hfcVNP8ZeBW3Qtya.l5RPlajp8XDkLmY5MqzI36.
Kay,Meyers,(915) 330-6649,ac.feugiat@google.ca,OSJ21LJF8RW,$2a$10$bpGjl0GfB4Ujcu.po499reZXhQ95KVd6VnAVgHBxlzP0NgdbcByyK
Nasim,Chang,(688) 887-9137,sed.hendrerit@outlook.org,KYL86TOD7FH,$2a$10$f2PIr0nFgoucpdF4Kqo0t.3Ibgn9QqbLf1VCtGEWLfLNEP3x.t9A.
Yuli,Glover,1-188-560-3415,mauris.eu@yahoo.org,IMS33MDY4UD,$2a$10$ppL2qgdI5Du..kc5eeiDSeJHkwPBdKa3OM.dD3Fl1lATeU1QkZ3CO
Randall,Munoz,(328) 272-7561,scelerisque.neque@yahoo.com,PIY35LSS5SW,$2a$10$B7W4QJw/lk/O4asyyyB0EepPAT50bfouyJAtf4ugPai94NuOnYCzm
Drew,Holland,1-511-988-6951,eu.ultrices.sit@yahoo.edu,UFC75SLS6PD,$2a$10$74OioyceWJvwYx3nqQZQEOkb3FqeD3Yt2Yvb.vYjLiTWa8C6uj7Yy
Ivy,Meyers,(695) 282-2344,non.vestibulum.nec@aol.com,BTT74XNB7SA,$2a$10$3b71DDaAZhdDbWvkWunRnuBZIIQzofAkcLESbxSZBu.Rf9usm43rm
Adara,Salazar,1-865-446-2316,luctus.ipsum@icloud.org,LUU88CGD1OH,$2a$10$CRgujvAR3OcSYg1YbsXtEObc4YsYfS8x9kmT5ekPigTn4X6Vk8om2
Caryn,Wilkins,1-613-455-4565,a.enim@protonmail.edu,UXK21DFQ2YJ,$2a$10$hVImX7qR33xdTrk3ncP.4.fsobvxEoNn2AeJqMtS6l7OTVglZ9Ar.
Indira,Campos,1-750-596-7704,imperdiet.non@icloud.couk,JLU40KJC6SS,$2a$10$6N9ey0TBll3aQAM5RAZECekA6GnKrpyWOHS30sBxNp4w9kGuJSyHW
Kyle,Newman,(983) 347-2211,sed.turpis.nec@outlook.org,KSE36OWK0MR,$2a$10$ZbdiU4qDPpKdmMdp27AFU.0Avc7wBVnCh46wLD8FUBYO2pGncCqSO
Hillary,Lowery,1-255-371-7398,ac@icloud.net,RNR74EVQ8RC,$2a$10$B.Fgw3lehCeBXhkXTPAMSuigUCOQWmq5vqVe.4XxUcayrByE9CVJG
Madeson,Cunningham,1-713-326-4276,nonummy.fusce@yahoo.ca,YCM54LER9EY,$2a$10$1vYeyvLJ22XvMFlVQE.6bu5yfmjHRZzGV42/aNWCcTWqW/eB691ka
Shaine,Foster,(308) 727-9877,nisi.mauris@google.com,HLZ84AQD5TU,$2a$10$bhdPadHFvjoP1i.jS/zhLOMjfnXTXGTaOMEjJrzz0hIVBAkj2Cx5q
Sopoline,Valdez,1-266-115-6292,turpis.non@google.edu,YXX40RUM7LB,$2a$10$3FpHEFosRRSjniT4M0izWO8eMB3XASgjTj2ahSwzZvs010WJqafTy
Ali,Daniel,1-187-523-6967,quis.pede@yahoo.couk,IOB27JOL0NQ,$2a$10$.ynp3bvhfELjAE3sMHkKKOQiYPQh.QtGW7yG3qg/fhRMBi0C1JUvu
Lamar,Mccullough,(612) 703-7024,proin@hotmail.edu,FOT73VPC2TE,$2a$10$9qfxsXiESW7zs..txf6eTO39BJRmyutAqwb8Il9u7jTbS290n74P.
Quon,Vasquez,1-826-281-6458,libero.proin@google.org,UIS45RET3CI,$2a$10$Z7xydg8CCavo2MoB/uvcQubarJqqdqT8V1bqty./COQnCqjor9RK2
Hasad,Greene,(564) 367-3792,vestibulum.ante.ipsum@protonmail.edu,ESS31VWD1HS,$2a$10$H1GLN9JfirfSc1qbLgKaFuX2kBIiexnMRWghALUlssMG6TB2.C2qq
Elaine,Deleon,(927) 378-2021,auctor.mauris@icloud.com,HXV31VDI7VC,$2a$10$tYQxRlPMwpoeZ4t8azmZTut.OB0GC3Wk6kb4rBMsC6B1mzEtcTD/O
Kirestin,Sheppard,1-632-975-7553,egestas.sed@outlook.com,BMQ63YWR4MF,$2a$10$S4d/ej0kNMkoDdxsPw8dbeC/AEl.1bunvH26.h92XihDB/pC89iZC
Lenore,Boyer,(268) 241-8224,semper@google.net,ILG63GPH3TM,$2a$10$QMKKbri7lbiB79X8Zm34weAZoj6bpcQBIx60eNlwJVjO2Ww31giBK
Wynne,Dyer,1-455-227-0407,quis.massa.mauris@icloud.edu,OYV62BFW1GX,$2a$10$oQ3bGO/.XrwC18RQKfR9HeMjVtfaQCY.yXV8hbOpIgvqcwAQ.7sse
Mariam,Sherman,(324) 298-2896,amet.consectetuer@icloud.com,RNC46FUW3MG,$2a$10$PnknRdn4F.Mwsg0tlrxSkOXrVNxdW0BxJ431hqme50ZLt0Qs0BJK2
Dominic,Alvarado,1-572-641-5659,dui.cum.sociis@protonmail.com,LYE18MVT8OS,$2a$10$3gDKYXSzHRDvTwYMzp1kZuACQOa2FH8FGMoIc2gLbNvkldmn24Agq
India,Spencer,1-823-428-1379,dolor.tempus@aol.couk,ZCG51SUH1ST,$2a$10$mUQSWl4CXfbnvxKQhu8eCeYydO5NSnPx/ZUqrOjgCKSR6u17AprfS
Audra,Wheeler,1-429-315-5662,pharetra.felis@protonmail.net,IPZ67EUF2MC,$2a$10$xE/r.7uF2od37aZar2EvIuMgnkT.l4tUVI.eWPwFZ7QqLfWORqb12
Yen,Burton,(748) 767-2251,erat.eget.ipsum@icloud.com,RXK12KBF5ED,$2a$10$hhRbsxvG07XrLjkeeLtH7Odwp.wrflZlczQMslfCybgRszZhUYkh.
Patrick,Logan,1-515-318-2564,neque@outlook.net,KRT76JWX6BJ,$2a$10$hBRI9A1R52CCAGRjhIfWDeC4psXyo31NGntJdqIUtXPGO3wsbSsH2
Yoshi,Golden,(772) 824-2098,nunc.id@icloud.couk,XWJ25WKV9YB,$2a$10$UEv1PymU9f3Oz.HAXfWqYOwhEi834DknU76Q1gddiTuk7m5szOFuW
Stuart,Heath,1-558-840-1769,eros.nam.consequat@outlook.edu,GGQ81GWE3YQ,$2a$10$lGgVRGVUPZREH2oMyrDm7.nDWSeUPmYFqB2rHyxJSwwucxmQhiK4O
Dara,Harvey,(532) 780-3392,vulputate.lacus@google.net,ORD97ETN5LV,$2a$10$X58gUiaVkHz5Uwz2IjWhFu7jo6WqgWKeBI2S02wez.7t3ebXhjP5i
Mikayla,Douglas,(461) 234-4392,lorem.ipsum.dolor@aol.ca,OOV85PFS6WU,$2a$10$2JtyNoMpi9enwM.lP.xrqO6WEVSS7mfjk55FQUI8XdzutD2VCHzHO
Dolan,Ware,(715) 748-7472,donec.sollicitudin.adipiscing@protonmail.net,ZGT76WYT0SG,$2a$10$qmPRyDoUMxEhfQQo0Pm0jOswLRSgmzKiKsRXmShnhqre7hB74TVqu
Aphrodite,Vaughan,1-313-719-2475,feugiat@hotmail.com,CYS87EJU5DX,$2a$10$CJVTzagqddHKx6IWAaya4u6dy2IFN2t8cR3qeDKl3aXH4YAihEkSS
Callum,Anderson,1-114-565-1367,duis.ac@outlook.ca,RJV11TAC6EX,$2a$10$jZaFcGrVngkBY3nU2Jfg7.3Yd/FsrbA1APwXZ1HjY4oip02zaMoXC
Judah,Clark,1-842-297-6672,consectetuer.ipsum@yahoo.edu,NUC87NDL7QO,$2a$10$eZHD/ZMelP4tFTsJY.RJGeRj3RAg3f/Vc3tW2PMTrtlj0Pu0zDe4K
Hedda,Reed,(303) 574-6647,scelerisque.neque.sed@outlook.edu,HSW44QMC8YW,$2a$10$IDW0tSuM.sUuxVsD7742ceXtp61E4hh6c5GuPJu90oj5J0NZ49BUK
Cadman,Barnett,(149) 981-5766,magna@outlook.ca,UFC46WYN8SW,$2a$10$ZlRXjWKD68sOuidyti6rRO2px/kSj/lEn/nzRLi4y0NQdMhPpQfiS
Berk,Gordon,1-214-320-7914,aliquam@outlook.org,ATI01RGV9YU,$2a$10$ZugLLltyqawpBGDSjBziOeah2XwiI.GuJDwZHBTEPc8lTSGczGTTe
Emi,Murray,(594) 744-5632,convallis.ante.lectus@icloud.org,KKA40DIY5PK,$2a$10$WXnI37xfMZHq/fBhIdkIa.nNkEIzHwVe/WCGNHO7CeoLKqVsiSmW.
Carissa,Lynch,(769) 535-7273,ornare.placerat@yahoo.ca,SQS14PAW4JR,$2a$10$DT2x4fmrsPFn82fGWHULNO315k7Qtkx1Lc67DGxtH83/LuG/1sXFy
Rana,Horn,1-841-636-1764,nunc.mauris.morbi@hotmail.org,UTU51FOW8LC,$2a$10$CQnJJlWB1O4F0nulwqpwIeCGmfKPpI8ABkYYocpyhkot29d9NcDdm
Walter,Figueroa,(494) 766-7152,amet@icloud.net,UOS02HCN3CZ,$2a$10$3/GIFKJjvm05BDF3GQfUYeMLonSJ.OtGVXa6SCYcQ6uypYKSlE80G
Brent,Mcgowan,1-591-635-5184,tortor.dictum@outlook.ca,MKU46TBO8GM,$2a$10$o3aikUnRzfQjeViEuFe6Nuy0yL8efnPseEQ9slm2AUZAw/nRNG/Xa
Shana,Holland,1-707-310-9234,nam@protonmail.com,BUL30RCT8RI,$2a$10$4D9oDnuEUEljGUh6DqnDuOQb9zpX8dIswTlitMea/E5JCbDzhtN8u
Tatiana,Cooper,(787) 688-4427,nulla@aol.couk,SNB84SYQ5YC,$2a$10$v13lh3Gaw7AHuqn16S1BKu96jVmkth1FUwn8dj0dsiHbDcqK1cTta
Ariana,Puckett,(738) 139-3214,tristique.pellentesque@outlook.couk,TYO66JYO9HC,$2a$10$Wn7t.Aurf3yQmAuvGNDQeO0r3H7se1VGrxW04BwqyQ9kp86hKcVGO
Chancellor,Townsend,(874) 545-6128,porttitor.eros@aol.couk,GBF74RFU3GX,$2a$10$AQQlLJQVyEyr0jJ/.AANmemykVQm4qs2RpouPmwknwrLbn/tp9xxO
Aphrodite,Taylor,1-875-182-3313,non.justo@google.org,PRB55DJP5UI,$2a$10$S5QNxZ7aWZgiXGeAt1DyGe/7EUZrSG3PVJ54sbTBZkPRmrP3cVcxO
Channing,Heath,(482) 408-2056,eget.odio@outlook.couk,XKL32RNG2ND,$2a$10$wN80llU5W2Lz7i6A3kamJ.vTsFmqX9QqIurrlaXZiXUt1nC/ORD8e
Jerome,Eaton,1-876-562-2423,etiam@yahoo.org,JDT89TLD4TZ,$2a$10$HuDr9lno5PoYzCRwbDiEQOGZOoUrkkHX1FTqdaEsWDhZ8abaiSxmS
Ahmed,Kelly,1-434-541-7772,turpis.nec@google.edu,FWS21XCP7XG,$2a$10$sZo6nlcd3NyyNDy8M7SFS.3.n7mOMJicP22AvVoe19UchMxi6KR2G
Zeph,Glass,1-187-829-5821,nunc.id.enim@aol.ca,NTR16DKM7GB,$2a$10$0VJujZuiE/rkNRUEIMRq0emndFgQzCpe1Ak82cZso3ztJbTZcq1Fe
Carol,Bishop,1-696-874-1734,eu.tellus@hotmail.com,LLR84JMQ0PQ,$2a$10$cyoJEc01X23rDm7oAMEzxeWlEWMDrqPon2DDWphkndM85eUZIB6xq
Gareth,Page,(302) 352-3869,ac@google.couk,BIM78DRQ4QE,$2a$10$P99vGUHVSx/R3feWjCoWNufyDlPWvVRVPnhZHxAl7Pwy8jFB5shrS
Elizabeth,Ayers,(252) 745-5880,placerat.cras@protonmail.com,XES69ZMN3BZ,$2a$10$E9B6bRFQ7as58f99yRN7pOZaae.TO2Hphd8g04MGzJ66DnDdCQSMi
Ronan,Brown,1-749-273-3248,vestibulum.lorem@hotmail.org,ZNF51UIL3VH,$2a$10$XulYCpgAY7ZvufdDYh2rReHrQLrwxVSPqF5gHkS/XbAjYVbcSxSHS
Brielle,Lloyd,(564) 677-9369,lobortis@google.couk,FIJ33MZL2LV,$2a$10$uT9UXkdo4aqE0RLcOiBlSem7vOGIIsxt1aABbQqyu75cp4Zei5Aiy
Adrian,Torres,(844) 343-9449,metus.vivamus@outlook.net,BYB68YKV8WX,$2a$10$0ysraEjqO6v2.TaXX0E3YujRBBfggeebFlpO/YohafjN2s7/i8cEm
Dawn,Schneider,1-284-171-2501,elit.pellentesque.a@yahoo.net,VOC87SIS6OF,$2a$10$hU73gEVmgq/lfG3aBYsAqOXrOcynYyynGc5D2gpqXK76T9TLZgdWa
Josephine,Day,(531) 864-5348,mi.eleifend@aol.com,OPZ54EXW6EC,$2a$10$B8D8csf.E2XVzx7KORr/XuNv3tuqNQmSkRtNJGcbK71yAa.xQKY/m
Indigo,Wise,1-588-362-1405,semper.cursus.integer@google.edu,UTG47ATR8HU,$2a$10$t1p.86ltQhIpJ7.saTz7R.oe/HbqSZCSIpHkls1Nepc6KMD7KwRe6
Chancellor,Newton,1-823-747-0128,cursus.in.hendrerit@yahoo.edu,YOT33KFJ5KK,$2a$10$VoSRnxRszFYFkech2qItQu4R1A9z9J5rgyhFX6O1kd/lO9fOmED0m
Claudia,Lowe,1-914-473-9621,cursus.vestibulum@outlook.couk,GKM89TQI8IK,$2a$10$EIRfQyjR/fjL9koXD7nnruWICRCGMg9WP8G15zahgHUkkPDE6/wEa
Hunter,Bender,(852) 966-7167,amet@aol.ca,HRM44SZI6AX,$2a$10$UGtV0TswIvZuT2zePkiTQ.YV6H.bWdzQ8orHvUq.nrwkIFJl7VLk.
Jermaine,Fowler,(865) 172-4177,magna@outlook.ca,UFZ88PZK3EW,$2a$10$mdFanHde08EF6ZPN3yumQ.LTgTmD5W66/gdM1G5diL.etdO24Xy0W
Raymond,Stephenson,(385) 686-6592,nec@hotmail.org,EPE50PMM5MD,$2a$10$63gdkjDppniACfNuy9ByP.5wPDyYwJjSMe/TCV2Z4XP.0c3svHIo.
Fuller,Oneil,1-435-426-5176,sem.egestas@icloud.ca,MAX38XLX4JB,$2a$10$NvICgp8GGHcmdMXcag3OYuHEw.QidSer0OvukrcdDts7X5ASq1gbG
Garth,Watkins,1-262-372-7177,tincidunt.neque.vitae@outlook.edu,FSY89WGY3YR,$2a$10$GfcMU2Y6gkgWboTmF.Q39erytRZJtX5CxR7390tkG0.CEC/mG/CnK
Rudyard,Tyson,(252) 314-4691,nullam.scelerisque@hotmail.couk,MSS40QZQ5ZS,$2a$10$tJczoXmyQe6TExXGmsbeGeWcbWQrvzfUmwaxZ5Xog6yTXegFcEcje
Reece,Fisher,(233) 468-8835,elementum@aol.org,XVU84GOS5YE,$2a$10$cPH3Wxxt6RvLWh47FVPsQ.Yg6rU1YYQZ5MISrUBVeRLjo0ERbogi6
Hayden,Glover,(121) 428-0856,quisque@yahoo.org,IZV69BRO4AC,$2a$10$tFLEN14CE7WBLLmjFO2gOufyHgSd4QpqZ6injy1VIjMCj2ZV9.O/.
Kirby,Navarro,(638) 316-2845,sagittis@aol.edu,RRT25EPP7GO,$2a$10$qzffFuUooJ//VJaELmTdk.jOPc2d4IR8Tn6wrDIlcX8JWZfUPoRJq
Anne,Wood,(377) 472-2676,magna@protonmail.couk,CPV26YNQ5AQ,$2a$10$AnpmzA1DHcsks5wDzHyj4.dd7c9MsIMNqhgMdE0Mn2WzCuERRUBwm
Tucker,Skinner,(812) 414-8641,ac.fermentum.vel@yahoo.net,VTM76DPF3TB,$2a$10$s/4.GxVAO6D4f4y7jato3ukHnzugrFyBnNfX/nXyMh6BzTBovI1BK
Sharon,Gross,(985) 931-8438,ultricies.ligula@icloud.couk,DVK95OUD7HP,$2a$10$2mC9O/2AbfrEuTcJR3cI8uhzgBp0hv2xELuSS7Hn02TE4zs51oP8C
Hamilton,Henderson,1-543-497-5338,duis@google.com,FEH49JVW5KV,$2a$10$JSuadB5UUKa4cEhdTYAkLulrCiG3DJyrppkS0xY/hVpP6BDjMfzr6
Jerome,Cox,1-370-414-3193,phasellus.ornare@protonmail.org,XBW03CWD3TV,$2a$10$sF/YJPpZlqJmQX7/g3zJIuGSOI77Juhc90n19awtRlWXKp8FRUFU2
Mufutau,Morin,(374) 302-6068,ligula.nullam@google.couk,BDY11HWE5YA,$2a$10$hEAcYui1rBS45ALKooGNyuU2SyYvh.SX0CXS/GfrWchbwQ8uXwPva
Alvin,Olsen,(757) 411-9364,lorem.donec.elementum@protonmail.com,XIT65GDO6QD,$2a$10$Cvo2tfKT1u0lxsfqGaKThelJbLCnI2Tr6.EXdwgUtjMoCK6o/c9MO
Lael,Valdez,1-966-324-7681,ornare.egestas.ligula@outlook.edu,EBM98UBD8XM,$2a$10$1lu.P7vDQva5wm6ErzazMeWUqZmCVOGSVTN72ELl3AdBeCNyAePnG
Jessamine,Floyd,1-780-169-3540,enim.nisl@hotmail.edu,JYQ45IES9RD,$2a$10$53.bITrW7qbvyaocmHdrCu/1QZIAlK9mBbOeWkjY4WjtrZhIG9MU6
Yvette,Cardenas,(501) 847-5289,aenean.massa.integer@outlook.org,BQG82BGE8ZL,$2a$10$q7rgKCeoDEYXiTaN7Vhcw.rrrZ/68dTh7z4h98RBR/K08e/RsBa1O
Camille,Howe,1-172-348-1547,nec.enim.nunc@hotmail.org,EFU35CZI7NG,$2a$10$wjME0f8lQbsqk6TdtDRodOFVLa11N90l5Kx4wDbu9QUX3g4c7ymWe
Anthony,Rosario,1-425-503-8617,risus.varius@aol.net,HKT12AUJ6WE,$2a$10$jrybfzuRf9OfQGYZjtWg2eeO6/9UIGEyc7UWCFymqFo86K6W5j.dC
Ivy,Morgan,(267) 664-7312,vitae.sodales@icloud.couk,QBL87EXG9TZ,$2a$10$w8bpPyhVnxlp26eeVxvgbOM1X3.7ZtewMPMQzR5dZXc.PegBndQje
Colette,Ellison,1-674-312-5521,sapien.cras@google.com,OKB23GQH6MR,$2a$10$IbcU2fv797CZ37AQ1r1DAu7GF2DGeQjIfrgYmLt/tVXSPONCh7VSW
Carlos,Faulkner,1-496-635-5276,arcu.vel@outlook.net,ENO64RHG4OG,$2a$10$iYkXifvhjov6uybP5WzldeFCs6DVeOmdiEFDbS.DYMbK.z5G/EnJu
Leroy,Burris,(988) 944-4887,fringilla.donec.feugiat@google.com,RTY67UUL3KO,$2a$10$2opqeS98HUlIgu7LvDfCpe7jjcu56jz.Fg0IY1ol.j/ujm9Z53L2i
Kennan,Kaufman,(162) 227-8813,odio.nam@icloud.org,BKN16JPN6IQ,$2a$10$EBvF.KkwEwTlB7Pqy9181eh2lSZk2.8Xf/D5x9axH.5y/aFwleYuW
Risa,Cole,(855) 595-5881,ut.ipsum@yahoo.org,GRE04ALX6KJ,$2a$10$sqwXTKEwMOOWdLSPUh9ccOvHxeno/dzYOYOlWdrZyJ4o.TUrpvZi.
Ferdinand,Gordon,(226) 733-4162,orci.quis.lectus@outlook.net,NRW11GLF4AX,$2a$10$NGVzbb/kUalm8QTcnaIFWOIGYw4wuxSAGPQcomK2RJX40Acp4irRK
Igor,Sexton,(739) 827-2828,tristique@outlook.com,FHA43MYI4CB,$2a$10$lKlt1J2gbECylnfyKfliCuPuxzZqvyGWYcbD2Xk1pFa9/PDG.tR.K
Leandra,Hopper,(220) 140-1224,mauris.blandit@aol.org,MSS68WQV6GI,$2a$10$EHwsNN.DU8UWXhObPMgLDuvAYtR2iqG9tqzFozlux59jkNJcOVxWq
Addison,Armstrong,(552) 774-7262,orci.consectetuer@protonmail.org,OBR32QCH1LK,$2a$10$udY3.viS2u88cJGO/vbk/.DBEohxRLAVtgOxP6PWoMgcZEwe5/qka
Adara,Baird,1-500-994-6131,vestibulum.lorem.sit@outlook.edu,QDU21XCK9MM,$2a$10$/UqCsxzPxSUXG647OMlW.OPYY5txb48lD/GeDmbODtt.yHLvN63JC
Brooke,Hartman,1-406-827-3587,ligula.eu@icloud.org,ORU89SWE8TF,$2a$10$p7Ho.aoDQ91bbfwgDbpnaOdvVxShC3p.GcELAXFHVoqg0sIkEAxgK
Caesar,Blackburn,1-162-411-1531,neque.vitae@hotmail.net,MVO78SMU8XA,$2a$10$gJa8Guj8PaJE0TmGmwqXhu.wwzrVq4fsxQXJv3skjELpn7EpcjIlC
Daphne,May,1-771-299-1486,vel.mauris@yahoo.com,VPL41VOT3BL,$2a$10$WjJNJ.tNAKRn5hVJ2LTBS.zZNujXq3puMJOn6vc2E9u8o85LsxP1.
Alana,Dennis,1-719-743-8456,in@outlook.couk,UXS73OAY6YY,$2a$10$KOXtKmFKi5DnBbBFu44NCOXwPVRe1Btb4ciHhirIwp8AC4OxE5hVW
Bruce,Sharp,(603) 401-5111,erat.in.consectetuer@protonmail.ca,PTV53WJX8HW,$2a$10$sxhWEfnzrUhBVFfFl6MO9Ol//nqgRboeGn6JLM1WDc053rMqtqieq
Julian,Craft,1-203-731-3384,montes.nascetur@yahoo.net,XVK64OVV4BS,$2a$10$smImU8XR5bDI/zQzof33Vu3.gV39prAJfq4oM0vpyRfW4xbPxJu5m
Helen,Mclean,(817) 530-6435,cras.interdum@yahoo.com,OTB72NST3EE,$2a$10$kBtET9RmWB6cSE7DXaEy2uqjVxm5r6R0iuFkOZTkaxUvG0aqUumh2
Aretha,Kelly,(832) 358-1687,tortor.integer@aol.edu,ZSI79EXN2RW,$2a$10$UE4TwE2VDp74.b1QDzxJVeGDOGdOiXKtrtvOrqei2/tAuIr7fruMy
Perry,Forbes,(482) 729-8536,velit@google.net,PXP52OPP1QQ,$2a$10$l/k3CmKx3cG2bgZ9JZWD0.EN7RbTsuOt4t8akmJGmYgtg0JvAuTTy
Aquila,Wilcox,1-768-490-3201,lectus.quis.massa@protonmail.com,KHI05IXK2OW,$2a$10$sNVbuTD7vzlgyFEboiMNTOuVMVahsy5GO3Qvv7S2ZDO1iUhosyBf2
Noelle,Rocha,1-335-380-5325,sed.dui@outlook.com,VPT40NAT1NM,$2a$10$M23KP2ijrFDVkdaBTOlc0OQ4fMdSDmr6F/wgRhBrJKfaT8gHIXT0K
Geraldine,Humphrey,(517) 636-8062,erat.eget.ipsum@icloud.ca,MWJ30IVU7PU,$2a$10$hhnSoc4ry6daXLq7kFWkv.6fJIOZ3/M9G6v5FcIwZOajY1/787Oku
Lillith,Larsen,(189) 286-2733,vestibulum@yahoo.couk,LEO38MTF8PX,$2a$10$8NLRET0VgmW2VNEtJxEEKOHVJBin0qvTyKuGXx9SbFEwNtnTL9VbC
Hyacinth,Hancock,(507) 983-8973,libero.et@outlook.couk,MWE18SSO9XI,$2a$10$Lj9nfvzOqJy6pDatkd6UKeMmyYVoiNmlOfaEe0jhDY3Kk/hrw4KDK
Kylynn,Levy,(514) 843-9397,lorem.eget.mollis@yahoo.com,OGT20HNU3QZ,$2a$10$ynom3/.DtcZd/wpNgHQMxOo1hLJyV0h0zFkDaUsH42Qjgygv1K1XK
Xaviera,Chandler,(624) 406-8301,cursus@yahoo.edu,ZKH70XRU5RU,$2a$10$trWX8B8hy.3083kwb9pl1uBsRC96ZnC798zxIXGdZDa3tKkwgxAgq
Naida,Sharp,1-327-359-6694,lectus.convallis.est@hotmail.com,OKO15CCE1BE,$2a$10$F5E7wpznFRvXVV9igFC5w.ggEgZE.Q8gIxbP30O1nJlhcrGQ2eyzy
Stephen,Fox,(663) 896-6581,ornare@outlook.net,RJD75RGJ8NM,$2a$10$iwl16RVEsw7LQxrmjNcTguAtZKT2pt3PwsiBnOhGP/sCZvMVQFg2e
Rina,Lara,1-886-431-9261,aliquam.vulputate@outlook.org,GXU46CWF3MP,$2a$10$ONwd5of7aRZC7CrP0YXMYOPNnN9tX.MouaSRrIwzO5s8PHGWNGZvW
Emerson,Holmes,1-786-886-6265,dolor.sit.amet@icloud.org,OCO61EHE5BC,$2a$10$H0p3pYKhpGK9ZSYV7MqhYeXTNcVFG6QdW3ATEi3bA0xIpVZw4X5yi
Noble,Stewart,1-305-845-6113,ullamcorper.velit@aol.edu,UHX39LII9GK,$2a$10$zY/TztosrP2M80Sj7Ug.9Oum13OtLuyxzSqphcZRDWxU/IvEdj7A.
Lara,Ferguson,1-883-366-4487,eu.elit@outlook.net,MJI73RDX6TU,$2a$10$ahLYMWLGenjikbjJryAyB.YUBwSCh2bagWgrpY9Icd/tzFqIw23Ym
Ishmael,Goodman,1-622-837-4845,duis.dignissim@hotmail.org,LNT41JUF9KN,$2a$10$7XG/pDsXAfQJu8lmj.MGCuXwsQ0Dm..TAnmIgprtQ/r2yRwm6drkO
Brittany,Levine,1-881-124-6212,ut@icloud.edu,EGG42PCN7SE,$2a$10$cHMHVqX5rAqdQP1L6uAZX.Z.ZZ4J/0sxHh45bYDWvNuaWiV02pXiu
Lester,Reid,(853) 839-8361,nunc.quisque.ornare@yahoo.com,PIM38HRW4ON,$2a$10$vkgOYexTlR14C/broFCwEermPkjQLcfxaqzRxv17134t3UeYFQ6Ze
Haley,Collins,1-534-359-8355,auctor.ullamcorper.nisl@protonmail.couk,CTB41WOJ8RL,$2a$10$5ZYTtlW9T3Emfv3c9MVsPunC9kmza1ibD6yYQoY9vOu1WrmaVg1b.
Reuben,Huff,1-568-416-6652,neque@protonmail.couk,QSH15MNW7EM,$2a$10$.BXA5dqUT3X5IYPcIzXRA.7e67Jwo60sI6SMFJXHQiYPKnvkFJfG6
Valentine,Mcclain,(767) 763-4759,elit.pellentesque@yahoo.net,OGP64MFR2VS,$2a$10$HUYFoYw3SGtSFNM9gwBgquDP.yikvcnSqnLEWlO4JeBqIdDdOxo3y
Jackson,Schultz,1-596-675-3455,malesuada@protonmail.net,QMT56RDE9OJ,$2a$10$jz/3fYRXHhOFL0MsmiWkFOxajKdcmNhRzwaxjtLhZTcgTvElixy46
Beau,Love,(542) 188-1558,nunc.lectus@protonmail.net,MSH02DNH4QL,$2a$10$SDffqwurOxg128uY8Ja2cefWftd5r5TVXuWaArst7h1qXVzKzb0Vq
Sara,Montgomery,(465) 301-2501,mauris.rhoncus@protonmail.com,KQI16RUS7DG,$2a$10$MMsQl4jVkSfFCdBnPvwsI.yJaqc9dHB2j0w.GptLGmy2Yw2a9EbDS
Risa,O'connor,(655) 454-7528,netus.et@icloud.couk,UWF62ZNG4CC,$2a$10$4t79/WEMDFZqncR7YysYGejcCt06lcjkpd8zE5296tayRfr3t6ZjC
Gretchen,Hughes,(524) 403-2816,dui@hotmail.couk,PDI68BRY6YG,$2a$10$3hYxA.xSZtrvBpOE/Zci0O/sSKoMmUGOtmk9HyyUfPQyShtd62Y9i
Hamish,Edwards,(696) 778-0983,duis.sit.amet@yahoo.org,WUM52MGV0HG,$2a$10$klI6PU7V.XCtlGwd.aRfheZBuo758D9HNqXLhpu5E8CCt4SQiNJTm
Charity,Meadows,(457) 982-8385,elementum.purus@outlook.com,QBD58GGX2AT,$2a$10$8XTlP./0Ymo60F5n0AAfO.Bj7a7HqDdAECtSPEJgkvHB7.ACFloM2
Leah,Good,1-810-875-6215,non.dapibus@outlook.com,RNE22WXI7TN,$2a$10$TmwmX/H4hUeuh8xk.J2BMOXNiv86Qc3IM1vjP3875NQETr7Q9CEyG
Brett,Rich,(835) 163-4555,suspendisse@icloud.edu,ICL86PHE3NZ,$2a$10$a6L.vnW4UeEpYfuInja1V.SKRvEuSDENoqVs16IBkKqIiTTX9Pp5i
Cruz,Ferrell,(853) 671-3567,vitae.sodales.at@yahoo.couk,RYK16HDY4LS,$2a$10$apF5I3sabFBJMmldcttWc.Pf/JZUKipUtgdcq9imQ0JnegrFm8QyK
Maisie,Brady,1-854-648-6252,sapien.nunc@icloud.org,KTT27RGQ5AW,$2a$10$rcnr/nL43w0cMo0X6o/Y3uzrYdKd2TpZ8f8qdKbKv5U5a.8nWMyxa
Kevyn,Newman,(464) 267-9073,mollis@yahoo.edu,JRQ27ATY5IP,$2a$10$mv7gGu3otYPZiH5mSpBDcO/a6zBtMEdTetlCMtieHq4FYEJ7d8sKC
Emmanuel,Langley,1-798-871-3171,mi@aol.org,JIH13YYB1GP,$2a$10$1Q5KJbTZCLzwLPiv9ZdiyOhp8tzPm3nDJyFZGIcwPxWXDRv6YCFyy
Alden,Wells,1-719-837-7907,et@aol.ca,ITD43VES2WX,$2a$10$PTVvEQrJvxzOOpPXXBADfOoTnd3RO7JatILNi1zksJVphG8SnPpw.
Bertha,Bradley,1-792-884-7064,et.pede@hotmail.org,BJX68HAD7NU,$2a$10$8235rHrI48MUeBXKidW.M.meFX/50fSNGXekkZOfTc5UZljnDRCay
Sylvia,Porter,(234) 441-4774,elementum.dui.quis@protonmail.com,GPY36IXH0LV,$2a$10$oEAS5t3rgG9i6r.kW8PGQ.gsR/cPw4rfK8uprdq60CzJstV0PMGeG
Xyla,Hopkins,1-247-282-5388,nibh.enim.gravida@aol.com,ZBU32MBX4EO,$2a$10$w.8.L0qbZjmY4o2t9QIhwe/0BWGgKG5z5B36/OS90bTkR36v4z12.
Uriah,Payne,1-449-847-1079,magna.duis@yahoo.com,LZM42BYM3QE,$2a$10$qXfEyAusD1TdUisb4ObA9.GE4dYvLjj7PjE2G8ZClo9wFxJqcvXOe
Jared,Good,(278) 825-7188,in.tincidunt@hotmail.com,ILF76COO8XX,$2a$10$CEPbNGm.fYAXDuvak0Yi7OCb6O6/GPTPs0PKMJeFal/3ADjfGdWZG
Aileen,Hobbs,(739) 464-7561,libero.integer.in@yahoo.edu,HXF81VCW5KU,$2a$10$2uyRnEz3FpqG2nnGEAEgjuaZXp1oT//wjkOQTLTfOFRs9BN4V2B8O
Felicia,Beach,1-873-579-7408,mi@protonmail.couk,BNN32GKW0XD,$2a$10$bhUaLHuNcMYahN/n/TY.1uE4tq.9AiY/H9UBIloVyZVmEcZkfC3g6
Maxwell,Vega,(834) 468-5445,semper.dui@icloud.edu,EOV20JQB7BJ,$2a$10$QmKUu.4LvBv4N96c0N7pn.ZY1wddBSx55dTUPIfDcSy.mSzwAWI5m
Sage,Solis,(308) 535-1115,risus.quis.diam@google.ca,HXF52OPM2NQ,$2a$10$j5SV9TWBKXDGr8dGbK4q7uCbdH7wB.AVw3On5xznhMBbiBCUDDaiG
Lars,Morgan,(734) 480-7216,habitant@google.couk,YBA94CFB2FL,$2a$10$BzjCB.yFXCt8NzS9QUEkr.vwzl7r9P7Bby.9FFyiFsE5XMFXNkmp6
Lester,Mcclain,(575) 581-6375,mollis@icloud.ca,VHQ02TNW6DY,$2a$10$I5umrRQYZMF6PUo/geCX9ufpthOZpL1C2WTmoXHDd9lPq/FAWjhG6
Alisa,Riley,(237) 995-3381,congue.turpis.in@icloud.net,AVR45DIA7JC,$2a$10$GQ8xANcbKnAZKIa/yidENOdof6VEvWadwyWlcOHxJu9VvT4Bnx8i2
Dorian,Holder,1-982-587-5188,rutrum@icloud.com,OCX33BYO4IM,$2a$10$5vYXLYHYZQe4T.RluUgfJOgb1.XoMvA/bysqUM3eCNWwAkEMXkIiq
Colette,Frazier,1-597-646-8834,fusce.feugiat@protonmail.edu,HRX53ZBC3SV,$2a$10$aZIX9duiVpL6K8fmX43hkOvOsC.kExassETLV/5ACphuaoAGJnDuW
Cade,Marquez,1-446-374-3188,dignissim.magna@aol.org,YCH88FRR2EQ,$2a$10$Ong8GyZtRo96JUW08quEvOFK3IpHmCR/52I9nZ9gbjWiTOxIL1Osy
Diana,Beard,(350) 774-5777,tempor.erat@outlook.org,QTP73WWF6BU,$2a$10$6rj1RVmqkRuwG9YvSZQ53uA4DvLHIJG5l2RLShW7dY4sjSy3rjahW
Selma,Forbes,1-148-166-6713,justo.praesent.luctus@icloud.ca,NWW71KML2DY,$2a$10$xoMqMp86tCXlW4TrwO0z8eCQ4ZcNP2wDkxV5O8IAXIOqewPi3IRNK
Elton,York,1-441-171-2324,nulla.interdum@yahoo.edu,CRF45OPD7BN,$2a$10$lmG02Ia4pb8CfOcelCWTdeR5bqDwtwIUT6xv/DAUbS8aADcNnazXu
Hiroko,Nguyen,(823) 801-4766,nec.ante@aol.ca,DUQ07XSC3GD,$2a$10$zegswdGzzF/TcfIrtOOIiOgFRDr52zdWP88UY7yCOw9Gk2Io2x/Ly
Ulla,Norris,(880) 853-6311,malesuada.fames@outlook.ca,EKA64ODU4BD,$2a$10$.8R0tlTA0J4TG1RX3oDe0uK4V7dP9BnHaejtTOnMmu5g.9gtXjjK2
Martena,Brewer,(276) 771-2846,aliquam@hotmail.ca,BGU79IFI7DI,$2a$10$mz.3WXBmDTMEWL3CnBJzvOSIeQBvUtKxaXwMwlhDSgNSwncjQ7o7y
Shad,Barnes,(292) 772-5480,duis.risus@yahoo.com,PKL53MCM4QQ,$2a$10$/lGOUwTmW.8hYURQdf4JXeXOhAUwOZX5HDiWT8A5MybCRyXPmtrmG
Ray,Puckett,1-127-734-3562,ornare.lectus@yahoo.couk,JII64WYZ1WN,$2a$10$.mmFsq6unbXK2Jh79CkX0.wTzwSki.hfYRe6yx7wuBM1275IJrrFi
Adrian,Hoffman,1-625-687-2317,montes@hotmail.net,GOW23ORC3IG,$2a$10$.4zMyHmWd2/dKlWGbZecL.kWOQxr6Emxi7e9bYnMYEEnNYZqkAOye
Sydnee,Santos,(251) 183-4163,vivamus.rhoncus.donec@outlook.ca,EMJ96PPU0MN,$2a$10$pgccdQ00NEumgqCEAoHDueCyjJh5pIDq6tpJFPE3aAhHliC58yN0u
Benedict,Hess,(487) 680-0304,non.arcu@google.ca,VCB33GKU4RD,$2a$10$ZBp4hI9gCfb6FZvgZE1.SuJFEq3anqDW.7G8vfsqqMHLYXVO2MHou
Bell,Silva,(572) 894-2277,litora.torquent.per@protonmail.com,WBN63IVS2GR,$2a$10$cLyTy9XE7rKbDSfisw8TNuljGFzLRLx2j8BCUanIS7eY3yohM9Qy2
Jerome,Bradley,1-904-424-1633,bibendum.ullamcorper.duis@google.org,TTO26JHZ7TP,$2a$10$qU/lRn0XDsfcrKlFSItC1uQWdJxFxCxwYvWzaGrrD6/PIJcVcwNeq
Charles,Olson,(224) 489-2129,nulla.tincidunt@protonmail.com,EKI51TRK3FO,$2a$10$YAvrlXdqKCeKLDwjWWdj9.GMx1wnRQGIoReqO7FcJR6TRS.EOAJeq
Driscoll,Walters,(450) 356-5403,faucibus.orci.luctus@icloud.edu,HZT43TRU5WG,$2a$10$OTwbjxE1xPEt3WQb1MSz3OEZb.ffJuYzTy.DgAAvRlqo.tN4aDnKy
Valentine,Mercado,(663) 511-7445,at.arcu@yahoo.com,HSC81LGL7QM,$2a$10$2b1ud7PUnPTMPUfrn.bX9uRPSD00fA0h2omoUAH/Hrckb2yjnD.ka
May,Shaw,(720) 242-2079,in@yahoo.com,YXP26WRS2EN,$2a$10$1P74DD/pfiZzMWwOKNHNsuE9GY46ukY0/YqiRb70tTqH0ON4tBQvO
Yoshio,Bartlett,(708) 383-6157,consequat.auctor@yahoo.edu,MSV29NQL2JC,$2a$10$d/xvV2xkjm5Jy1NEN88o3.WU9jgwVH/YNn5NgveuiImLya19pcI9q
Zephania,Mccormick,1-621-596-0671,arcu.iaculis.enim@yahoo.com,DWS63KDV3RK,$2a$10$AVRxKOuFUljpVg8cJGXelOU9KBHYozB50Iw9WDkhWL3SNDntYZ1PK
Zachary,Rodriquez,1-212-650-5721,turpis.in@outlook.org,DTY71OPT6HY,$2a$10$yDB03Z20jwE8Rz1cw13OTOz0jq6vTyNhWyFuppSCt8BJTtEdHXaEW
Dominic,Cote,1-742-801-5869,pretium.neque@icloud.edu,XJN75QTA4PO,$2a$10$J2ij1uzRAoFUg5iIHGBBUOkjJ9pKxqcNgT.aAps4Boz6IXwkYED3W
Bevis,Sanders,1-286-652-7823,sed.sem@yahoo.ca,QCV32OMM6DV,$2a$10$7SywRehTBGJx05l10/vGaOfQ8hSLl2u2lW6MEPIwqA.EpVsKOowP.
Adara,Weber,(897) 143-8245,pede.cum@protonmail.couk,SXN93CXP7OM,$2a$10$vUNYvFRtwynsa.rSMVLRpeoNN3naEFfU2eoFZ4b0D5Jyflq09gtTS
Gloria,Sweet,(315) 681-4287,purus@yahoo.edu,HXE42IMV4SF,$2a$10$6V0ybjaQaT8/J9RKzIqViuSwurYQNvxuauTr7LK7SZ7dGBDfNMGLy
Nash,Bender,(267) 348-7635,suspendisse.tristique.neque@aol.edu,BAR91VOU6WT,$2a$10$qCTE0O0NlFtjq.dJCXvFJOp168713biGpL45qiaiSlL773QXgmLJC
Jin,Sloan,1-745-956-6235,non@protonmail.com,OQO27AHJ7YQ,$2a$10$gxhgVr4mq0V46lYRsRNQUuZn8x3EvC6OcgrkW1OirCaGN.TJ680DW
Sheila,Rojas,(232) 610-3475,mauris.ut@yahoo.org,EHD95SQO0QU,$2a$10$X6lznwN7woYO7wPSrcGBEO6gT71tJcCDvOoTg.HDKmepDXlnBxmBC
Charity,Goodwin,(778) 316-1529,venenatis@yahoo.ca,NNS77XIQ1CL,$2a$10$2tbIxbzPggiYAt83RyIv/.han42bmtiv2HqPz7wKdh7y3MPeGq6Zi
Brooke,Farley,1-868-580-5150,orci.consectetuer@hotmail.net,QCH25LNL5CG,$2a$10$mO6r6K3SecNBiJk.Yie0t.x4kgtMXR89ZqaTC6lAiuT6dKjit6yp2
Farrah,Livingston,1-882-273-5205,aliquam.erat@google.net,GKL48MIJ3JY,$2a$10$xBWZP7rdgxNbqCSWYgz1z.AfwWZdw1JijMpjn90u3r55Ckz/9/Kn.
Mari,Martinez,1-197-835-7782,mauris.sapien@google.ca,AET97YXE5IH,$2a$10$IgirQkZbE/x0FygWH7pcyuJcAgWUhOiWNpH3n5KGzf9sSLcvqg.ly
Erich,Anderson,(816) 173-4713,imperdiet@outlook.com,FJM27HFO5JW,$2a$10$ezpwRIfl0VKlAN.m9IoTvOC4h9YudpSQ8fh6.RV0sXx/yEvcNBFpm
Brody,Parsons,(227) 231-9961,mauris@hotmail.couk,EGQ33ZJS8NB,$2a$10$Z.fOUF0LC1Uz8DVnQL1sCuvjroA0Uos4h8J9SZdqPqKWmJ9.cumBG
Jacob,Stephens,1-424-582-7187,felis.nulla@google.org,NXC35VHU4GH,$2a$10$LHa0qtsAT2ATQl0mwcDwX.ymdOj8oBYdOZj/EG.6NadTrOVHvoK8i
Lewis,Sharp,(279) 327-1309,ante.nunc.mauris@aol.ca,AFX83VFK4OJ,$2a$10$bS11Lk/mj6lW9OgBSVqbcuxeLx326eYyEYDVxjeXWJ8WVL3AS3hbK
Jack,Blanchard,(216) 983-0430,arcu.imperdiet.ullamcorper@aol.org,IPE31CIO4OO,$2a$10$zKkbKdtQ/VWAh2uAb1nvFuSg3ds/7B19wZAdbtd9ysJlH4qfDPCv.
Dustin,Sloan,(323) 387-8865,nec.eleifend.non@hotmail.edu,MSF41AKU5LO,$2a$10$ro9ULtYQEdksTcIVK4hVa.HYQ5J2M3bCSjl7uzQP5r2JbXdntI/pG
Ariel,Bentley,1-261-255-0301,dapibus.rutrum@google.org,WFI81UWT7AX,$2a$10$R5yuChjU/gt3YvO0vT3bEuWeVnQzpOfJhpRTF.FckKFo5OL1VUZJy
Teagan,Davidson,1-877-653-6597,aliquam.ornare@protonmail.net,UCP72LXD6PH,$2a$10$pe.OTCNuqpqYpsLkyg3OYO6y8gJUNKPhboE2xluFbPND/58bn8CR6
Molly,Boone,(131) 388-5827,enim@outlook.org,EKF35CGD2YP,$2a$10$uFX6l/6NIDFzuSxahhh33uVKycMsmMqRA37FaC7BccW1NUzM1x5Eq
Maryam,Robles,(909) 877-6514,cursus.et@icloud.edu,WUX38RLR0KH,$2a$10$zPkOkuHUDvLAI5K/vCOUG.KrrwYhClP51GW1Y5j1mW1T7VOxc4PZ.
Blythe,Mendez,(511) 748-4212,diam.dictum@yahoo.com,CXE09LKY6RB,$2a$10$Bti7P3leFWevG3g/YCK4Mu57t7r8YFa.baAfmAx5DHzRYbImPm1hq
Dominic,Valdez,(467) 206-4835,nisi.sem@hotmail.com,CIW57WQS5YV,$2a$10$cNQS5CI2eeg5Fsk4TFD77ewrqSGoqSFMhrKlBOS9s8AI5klyhEbma
Jena,Sharpe,(557) 746-4527,mauris.sit.amet@icloud.org,JHQ79QYZ8KK,$2a$10$yJxe6MhbNWDqFIwx78/Ta.tBxS6.CQSZU/D3tJ.KZPz5KcQUpJNkS
Slade,Robles,(528) 991-6897,egestas.urna@google.com,XDG95IVD7RC,$2a$10$BFOqEVHWxtOHwxjdTpI.v.SlZHtzkv/fjroFRzWEHiFKdNYxXPima
Charlotte,Crane,1-745-307-6772,neque@outlook.edu,LXA34LCO5TK,$2a$10$jEjCN0hLo4zgXHvcNFTXEO8crFoXjMSvVR8uqmNIBchmMvdjx79NC
Gillian,Giles,(622) 446-0136,sem@google.org,IBS30YMK4KX,$2a$10$qSRigOOR/NmB1qy5xAkQPeR6J47q/jRa8rNyKlCdUVsqcriW0rg6m
Melodie,Mcfadden,(785) 574-4247,congue.in@protonmail.com,YQI03LUK8CZ,$2a$10$nilHVn6Qb6mQAv6802OTPuThssOenx4sikOe/5zJnicCemqI/1z9a
Joel,Vaughn,(310) 173-8817,accumsan.laoreet@yahoo.edu,DJZ55WHD3RN,$2a$10$mJ/0.9yZTtZahDSL2WlW5.Iux5IJIzAe5kuonULT8Nq.czZCestw2
Nolan,Porter,(639) 321-2617,mauris@icloud.com,XAV76FBO1LY,$2a$10$uvU2H7x.B3gIoKoZO10BFetIugP.5vdyRnghCSWY9CK5iuRXobK8u
Kirby,Montgomery,1-200-129-3227,laoreet.lectus@protonmail.com,MBD35BBR3HD,$2a$10$OxJNDCzbhgV10m2ZOyEdp.miFk3sbCrr3ttMVa64lv8fDgrrDQrjS
Herrod,Boone,(883) 261-3512,accumsan.neque@yahoo.couk,IPR72JUW6MS,$2a$10$aTcmHDz8j5i1jMuiu/fit.YBaXv4e7V.uwOpaCZI.7WUMZUVLvBTK
Conan,Oneil,1-502-573-1366,nibh.lacinia.orci@protonmail.ca,GSB29KOR4WU,$2a$10$HuJ.nCKEKFrfGVIMAhbTo.L00OqEGEOUsWfm4.eSccSxpNr.INBU6
Brett,Chapman,(793) 364-5416,imperdiet@yahoo.org,QMS15GCF3UE,$2a$10$aJAArPANidCvjj0BJbUl9ex1tviwzO0ZuQolei1pfUgZZ7bbef2My
Hyatt,Sykes,(192) 349-2954,in.cursus.et@google.ca,DTD07MTO9QC,$2a$10$aMgYouRj14IOJ0lp3EFmtei9QLUphDhV/6A8Kg2H.2Y83nhQA9nCq
Jeanette,Webster,1-728-557-8616,velit.sed.malesuada@outlook.org,XYX88GJN0BF,$2a$10$EHEb6Hk9ZcpYzYBOdFt9QeuGgkQc3HkL/YBycSh2OpsWZ8KV.gU4O
Clementine,Allen,(803) 558-2683,felis@yahoo.com,HVG19DLG2PA,$2a$10$3NcY0T4Zmrv5Ron6b88pOu.gENvKeFTQS8ps24lDhtHNNI8B7tvAG
Dustin,Tillman,1-271-697-5567,et@hotmail.ca,MOQ54BPE0EK,$2a$10$eRDi5eKhpaaaR6DgjyojsOUwhWHLYkIl.Z087QxpQZxe4UINfzgxS
Janna,Mcdowell,1-384-329-3475,nunc@icloud.couk,KTV79GTJ5DR,$2a$10$g8jRP7fzchsFhx/EWrTjQezVsM3Hs5i8uM1m.G0VlGYAH60C7a17K
Chelsea,Rice,1-283-908-2574,suspendisse.tristique@protonmail.org,EQM76RDV1QR,$2a$10$Yzu64yGE6DeuwuRfpNJtf.5ZTVdFRAyVmoz52Y2ex9axKg1DzfHga
Evan,Hamilton,(253) 661-9773,eu.tellus@google.org,HKB12YYY2DP,$2a$10$TYegi5PsL1.6pJ80FKUWveT1JxNmcE0.jzf9NLnVT7R6yleNIFOu2
Claudia,Watts,1-543-552-5826,proin@hotmail.org,UHQ70YER3NK,$2a$10$FzZEeX9qkPk29MUI.UZimuODfWChb2OnqAUdFppLGbjPvyJ8bhPVi
Regan,Carson,1-715-845-5196,tellus.non@outlook.couk,VHG66EYK8DF,$2a$10$mDnKner6ESABegjr2pTOZerW1M87PgI5HwWTThmkZDfDab24mUvha
